ISO-10303-21;
HEADER;
FILE_DESCRIPTION (( 'STEP AP214' ),
    '1' );
FILE_NAME ('CUI_DEVICES_CMC-6022-42P.step',
    '2019-10-20T21:46:50',
    ( '' ),
    ( '' ),
    'SwSTEP 2.0',
    'SolidWorks 2019',
    '' );
FILE_SCHEMA (( 'AUTOMOTIVE_DESIGN' ));
ENDSEC;

DATA;
#1 = EDGE_LOOP ( 'NONE', ( #1014, #717, #1626, #1159 ) ) ;
#2 = LINE ( 'NONE', #13, #944 ) ;
#3 = DIRECTION ( 'NONE',  ( -1.000000000000000000, -6.737527667258774809E-37, -2.167388928541335639E-16 ) ) ;
#4 = VERTEX_POINT ( 'NONE', #1935 ) ;
#5 = PLANE ( 'NONE',  #1554 ) ;
#6 = DIRECTION ( 'NONE',  ( 1.438113710982936091E-33, -1.000000000000000000, -6.635236030068652221E-18 ) ) ;
#7 =( CONVERSION_BASED_UNIT ( 'INCH', #943 ) LENGTH_UNIT ( ) NAMED_UNIT ( #97 ) );
#8 = DIRECTION ( 'NONE',  ( 0.0000000000000000000, 0.0000000000000000000, 1.000000000000000000 ) ) ;
#9 =( CONVERSION_BASED_UNIT ( 'INCH', #1526 ) LENGTH_UNIT ( ) NAMED_UNIT ( #982 ) );
#10 = ORIENTED_EDGE ( 'NONE', *, *, #618, .F. ) ;
#11 = EDGE_CURVE ( 'NONE', #270, #650, #727, .T. ) ;
#12 = ORIENTED_EDGE ( 'NONE', *, *, #417, .F. ) ;
#13 = CARTESIAN_POINT ( 'NONE',  ( -0.05838498913163066989, 0.003412072865051333018, -0.03169291338582677642 ) ) ;
#14 = CARTESIAN_POINT ( 'NONE',  ( 0.0000000000000000000, 0.0000000000000000000, 0.05118110236220473758 ) ) ;
#15 = FILL_AREA_STYLE ('',( #301 ) ) ;
#16 = VERTEX_POINT ( 'NONE', #573 ) ;
#17 = CIRCLE ( 'NONE', #253, 0.1102362204724409572 ) ;
#18 =( GEOMETRIC_REPRESENTATION_CONTEXT ( 3 ) GLOBAL_UNCERTAINTY_ASSIGNED_CONTEXT ( ( #656 ) ) GLOBAL_UNIT_ASSIGNED_CONTEXT ( ( #395, #1627, #1644 ) ) REPRESENTATION_CONTEXT ( 'NONE', 'WORKASPACE' ) );
#19 = AXIS2_PLACEMENT_3D ( 'NONE', #1680, #285, #1193 ) ;
#20 = FACE_OUTER_BOUND ( 'NONE', #1837, .T. ) ;
#21 =( GEOMETRIC_REPRESENTATION_CONTEXT ( 3 ) GLOBAL_UNCERTAINTY_ASSIGNED_CONTEXT ( ( #539 ) ) GLOBAL_UNIT_ASSIGNED_CONTEXT ( ( #947, #1422, #1611 ) ) REPRESENTATION_CONTEXT ( 'NONE', 'WORKASPACE' ) );
#22 = AXIS2_PLACEMENT_3D ( 'NONE', #474, #313, #91 ) ;
#23 = VERTEX_POINT ( 'NONE', #1808 ) ;
#24 = AXIS2_PLACEMENT_3D ( 'NONE', #1682, #470, #1838 ) ;
#25 = ORIENTED_EDGE ( 'NONE', *, *, #1612, .T. ) ;
#26 = EDGE_CURVE ( 'NONE', #1814, #23, #587, .T. ) ;
#27 = PLANE ( 'NONE',  #19 ) ;
#28 = ORIENTED_EDGE ( 'NONE', *, *, #276, .F. ) ;
#29 = EDGE_CURVE ( 'NONE', #511, #343, #1631, .T. ) ;
#30 = CARTESIAN_POINT ( 'NONE',  ( 0.05520367174771361601, -0.02817213137963847647, -0.03346456692913387515 ) ) ;
#31 = LENGTH_MEASURE_WITH_UNIT ( LENGTH_MEASURE( 0.02539999999999999897 ), #170 );
#32 = ORIENTED_EDGE ( 'NONE', *, *, #1612, .F. ) ;
#33 = LENGTH_MEASURE_WITH_UNIT ( LENGTH_MEASURE( 0.02539999999999999897 ), #1430 );
#34 = ORIENTED_EDGE ( 'NONE', *, *, #380, .T. ) ;
#35 = CARTESIAN_POINT ( 'NONE',  ( -0.05905511811022166879, 0.0001312332829123030362, -0.03169291338582677642 ) ) ;
#36 = CARTESIAN_POINT ( 'NONE',  ( 6.116849462907409701E-12, -0.01771653543307101161, -0.03346456692913381964 ) ) ;
#37 = ADVANCED_FACE ( 'NONE', ( #1783 ), #1024, .T. ) ;
#38 = DIRECTION ( 'NONE',  ( -0.9713212062350897735, -0.2377711385303309111, 0.0000000000000000000 ) ) ;
#39 =( LENGTH_UNIT ( ) NAMED_UNIT ( * ) SI_UNIT ( $, .METRE. ) );
#40 = ORIENTED_EDGE ( 'NONE', *, *, #1906, .T. ) ;
#41 = DIRECTION ( 'NONE',  ( -1.000000000000000000, 0.0000000000000000000, 0.0000000000000000000 ) ) ;
#42 = DIRECTION ( 'NONE',  ( -0.7145104362680582133, 0.6996247826256791758, 0.0000000000000000000 ) ) ;
#43 = DIRECTION ( 'NONE',  ( -1.000000000000000000, 0.0000000000000000000, 0.0000000000000000000 ) ) ;
#44 = EDGE_CURVE ( 'NONE', #1582, #511, #1829, .T. ) ;
#45 = ORIENTED_EDGE ( 'NONE', *, *, #1520, .T. ) ;
#46 = LENGTH_MEASURE_WITH_UNIT ( LENGTH_MEASURE( 0.02539999999999999897 ), #559 );
#47 = AXIS2_PLACEMENT_3D ( 'NONE', #991, #70, #669 ) ;
#48 = ORIENTED_EDGE ( 'NONE', *, *, #1794, .F. ) ;
#49 = CARTESIAN_POINT ( 'NONE',  ( -0.04967331229232282985, -0.008727034198956694702, -0.03188976377952756208 ) ) ;
#50 = CARTESIAN_POINT ( 'NONE',  ( -0.05704473111574533128, -0.008398950287675791687, -0.03169291338582677642 ) ) ;
#51 = CARTESIAN_POINT ( 'NONE',  ( -0.05829089757854330478, -0.006234934657295275635, -0.03189763779527559490 ) ) ;
#52 = CARTESIAN_POINT ( 'NONE',  ( 0.03014870706940641840, -0.05322709607487508682, -0.03346456692913386821 ) ) ;
#53 = EDGE_LOOP ( 'NONE', ( #1489, #1762, #844, #1914 ) ) ;
#54 = CARTESIAN_POINT ( 'NONE',  ( 0.05905511811023749641, 0.03740157480314960925, -0.03149606299212598381 ) ) ;
#55 = EDGE_CURVE ( 'NONE', #430, #4, #1711, .T. ) ;
#56 = CARTESIAN_POINT ( 'NONE',  ( 0.03937007874015747977, 0.03740157480314960925, -0.1535433070866141780 ) ) ;
#57 = CARTESIAN_POINT ( 'NONE',  ( -0.1889763779527552923, 0.09448818897637764613, -0.03149606299212597688 ) ) ;
#58 = ORIENTED_EDGE ( 'NONE', *, *, #390, .F. ) ;
#59 = CARTESIAN_POINT ( 'NONE',  ( 0.01968503937007745966, 0.03740157480314960231, -0.03149606299212598381 ) ) ;
#60 = CARTESIAN_POINT ( 'NONE',  ( 0.01772224301820564049, -0.004669838952299307927, -0.03346456692913386821 ) ) ;
#61 = ORIENTED_EDGE ( 'NONE', *, *, #798, .T. ) ;
#62 = CARTESIAN_POINT ( 'NONE',  ( -0.009221371670744320237, -0.01582552127170931341, -0.03346456692913386821 ) ) ;
#63 = ORIENTED_EDGE ( 'NONE', *, *, #1952, .T. ) ;
#64 = EDGE_CURVE ( 'NONE', #1012, #1710, #451, .T. ) ;
#65 = DIRECTION ( 'NONE',  ( -0.7145104362680582133, 0.6996247826256791758, 0.0000000000000000000 ) ) ;
#66 = EDGE_LOOP ( 'NONE', ( #1078, #469, #63, #1770 ) ) ;
#67 = LINE ( 'NONE', #968, #742 ) ;
#68 =( NAMED_UNIT ( * ) SI_UNIT ( $, .STERADIAN. ) SOLID_ANGLE_UNIT ( ) );
#69 = PLANE ( 'NONE',  #608 ) ;
#70 = DIRECTION ( 'NONE',  ( 0.0000000000000000000, 0.0000000000000000000, -1.000000000000000000 ) ) ;
#71 = ORIENTED_EDGE ( 'NONE', *, *, #735, .F. ) ;
#72 = SURFACE_STYLE_FILL_AREA ( #224 ) ;
#73 = VECTOR ( 'NONE', #1882, 39.37007874015748143 ) ;
#74 = AXIS2_PLACEMENT_3D ( 'NONE', #191, #794, #1624 ) ;
#75 = ORIENTED_EDGE ( 'NONE', *, *, #1952, .F. ) ;
#76 = LINE ( 'NONE', #383, #1101 ) ;
#77 = CIRCLE ( 'NONE', #1043, 0.008858267716535431213 ) ;
#78 = CARTESIAN_POINT ( 'NONE',  ( -0.1988356254582549221, 0.09941781272912746104, -0.04330708661417365102 ) ) ;
#79 = DIRECTION ( 'NONE',  ( 0.9689177247614190192, 0.2473831898960703046, 0.0000000000000000000 ) ) ;
#80 = EDGE_CURVE ( 'NONE', #4, #1288, #619, .T. ) ;
#81 = EDGE_LOOP ( 'NONE', ( #1574, #1529, #1206, #1538 ) ) ;
#82 = LINE ( 'NONE', #1158, #1405 ) ;
#83 = CARTESIAN_POINT ( 'NONE',  ( -0.2263612249354462758, 0.1131806124677231379, -0.04330708661417347755 ) ) ;
#84 = ORIENTED_EDGE ( 'NONE', *, *, #494, .T. ) ;
#85 = CARTESIAN_POINT ( 'NONE',  ( 0.02165354330706462105, -0.03740157480313544697, -0.03346456692913386821 ) ) ;
#86 = CARTESIAN_POINT ( 'NONE',  ( -0.02755905511811023931, 0.01062992125984251780, -0.03149606299212598381 ) ) ;
#87 = CARTESIAN_POINT ( 'NONE',  ( 0.03051181102362205202, 0.03740157480314960925, -0.03346456692913386127 ) ) ;
#88 = CARTESIAN_POINT ( 'NONE',  ( 0.0000000000000000000, -0.09448818897637764613, -0.03149606299212598381 ) ) ;
#89 = EDGE_CURVE ( 'NONE', #1063, #1126, #876, .T. ) ;
#90 = VERTEX_POINT ( 'NONE', #1683 ) ;
#91 = DIRECTION ( 'NONE',  ( 0.0000000000000000000, 1.000000000000000000, 0.0000000000000000000 ) ) ;
#92 = VERTEX_POINT ( 'NONE', #942 ) ;
#93 =( CONVERSION_BASED_UNIT ( 'INCH', #1670 ) LENGTH_UNIT ( ) NAMED_UNIT ( #1210 ) );
#94 = CARTESIAN_POINT ( 'NONE',  ( -0.01772224301820778808, 0.004669838954063246748, -0.03346456692913386821 ) ) ;
#95 = CARTESIAN_POINT ( 'NONE',  ( 0.01771082784793612946, 0.004669838962501667717, -0.03346456692913385433 ) ) ;
#96 = DIRECTION ( 'NONE',  ( -0.0000000000000000000, -0.0000000000000000000, -1.000000000000000000 ) ) ;
#97 = DIMENSIONAL_EXPONENTS ( 1.000000000000000000, 0.0000000000000000000, 0.0000000000000000000, 0.0000000000000000000, 0.0000000000000000000, 0.0000000000000000000, 0.0000000000000000000 ) ;
#98 = UNCERTAINTY_MEASURE_WITH_UNIT (LENGTH_MEASURE( 1.000000000000000082E-05 ), #1972, 'distance_accuracy_value', 'NONE');
#99 = VERTEX_POINT ( 'NONE', #1565 ) ;
#100 = DIRECTION ( 'NONE',  ( 0.8373790907136056116, -0.5466225923209312443, 0.0000000000000000000 ) ) ;
#101 = ADVANCED_FACE ( 'NONE', ( #472 ), #311, .T. ) ;
#102 = FACE_BOUND ( 'NONE', #1089, .T. ) ;
#103 = CARTESIAN_POINT ( 'NONE',  ( 0.02165354330708036193, 0.03740157480316377153, -0.03346456692913386821 ) ) ;
#104 = AXIS2_PLACEMENT_3D ( 'NONE', #348, #489, #969 ) ;
#105 = CARTESIAN_POINT ( 'NONE',  ( -0.05147025402909447683, -0.008287157888748031623, -0.03149606299212598381 ) ) ;
#106 = CARTESIAN_POINT ( 'NONE',  ( 0.01968503937008002705, 2.410722045565813303E-18, -0.03149606299212598381 ) ) ;
#107 = CARTESIAN_POINT ( 'NONE',  ( 0.2362204724409455170, 0.1181102362204727585, -0.03149606299212599075 ) ) ;
#108 = PRESENTATION_LAYER_ASSIGNMENT (  '', '', ( #325 ) ) ;
#109 = ORIENTED_EDGE ( 'NONE', *, *, #276, .T. ) ;
#110 =( GEOMETRIC_REPRESENTATION_CONTEXT ( 3 ) GLOBAL_UNCERTAINTY_ASSIGNED_CONTEXT ( ( #297 ) ) GLOBAL_UNIT_ASSIGNED_CONTEXT ( ( #93, #1499, #1326 ) ) REPRESENTATION_CONTEXT ( 'NONE', 'WORKASPACE' ) );
#111 = ORIENTED_EDGE ( 'NONE', *, *, #562, .F. ) ;
#112 = CARTESIAN_POINT ( 'NONE',  ( 0.02165354330708036193, 0.03740157480316377153, -0.03346456692913386821 ) ) ;
#113 = CARTESIAN_POINT ( 'NONE',  ( -0.05838498912325414125, 0.003412072881440607504, -0.03188976377952756902 ) ) ;
#114 = EDGE_CURVE ( 'NONE', #414, #1237, #791, .T. ) ;
#115 = LINE ( 'NONE', #723, #1071 ) ;
#116 = ORIENTED_EDGE ( 'NONE', *, *, #674, .F. ) ;
#117 = LINE ( 'NONE', #1635, #1749 ) ;
#118 = DIRECTION ( 'NONE',  ( -0.0000000000000000000, -0.0000000000000000000, -1.000000000000000000 ) ) ;
#119 = DIRECTION ( 'NONE',  ( -1.000000000000000000, 0.0000000000000000000, 0.0000000000000000000 ) ) ;
#120 = ORIENTED_EDGE ( 'NONE', *, *, #1153, .T. ) ;
#121 = EDGE_LOOP ( 'NONE', ( #1630, #1689, #212, #1874 ) ) ;
#122 = CARTESIAN_POINT ( 'NONE',  ( -0.01771653543307223286, 0.0000000000000000000, -0.03149606299212598381 ) ) ;
#123 = DIMENSIONAL_EXPONENTS ( 1.000000000000000000, 0.0000000000000000000, 0.0000000000000000000, 0.0000000000000000000, 0.0000000000000000000, 0.0000000000000000000, 0.0000000000000000000 ) ;
#124 = ORIENTED_EDGE ( 'NONE', *, *, #1351, .F. ) ;
#125 = LINE ( 'NONE', #1177, #1715 ) ;
#126 = EDGE_CURVE ( 'NONE', #90, #475, #462, .T. ) ;
#127 = FILL_AREA_STYLE_COLOUR ( '', #1271 ) ;
#128 = DIRECTION ( 'NONE',  ( 0.5627910658963617418, -0.8265991871198743457, 0.0000000000000000000 ) ) ;
#129 = ORIENTED_EDGE ( 'NONE', *, *, #1174, .T. ) ;
#130 = LINE ( 'NONE', #1641, #682 ) ;
#131 = LINE ( 'NONE', #1822, #291 ) ;
#132 = AXIS2_PLACEMENT_3D ( 'NONE', #1186, #1329, #1773 ) ;
#133 = DIRECTION ( 'NONE',  ( 0.0000000000000000000, 0.0000000000000000000, -1.000000000000000000 ) ) ;
#134 = VECTOR ( 'NONE', #425, 39.37007874015748143 ) ;
#135 = AXIS2_PLACEMENT_3D ( 'NONE', #1357, #867, #855 ) ;
#136 = EDGE_CURVE ( 'NONE', #1318, #755, #949, .T. ) ;
#137 = CARTESIAN_POINT ( 'NONE',  ( -0.04833305445244071019, 0.006692913385825823534, -0.03188976377952756208 ) ) ;
#138 = DIRECTION ( 'NONE',  ( 0.0000000000000000000, 0.0000000000000000000, -1.000000000000000000 ) ) ;
#139 = COLOUR_RGB ( '',1.000000000000000000, 0.9333333333333333481, 1.000000000000000000 ) ;
#140 = DIRECTION ( 'NONE',  ( 0.0000000000000000000, 1.000000000000000000, 0.0000000000000000000 ) ) ;
#141 = VERTEX_POINT ( 'NONE', #147 ) ;
#142 = ORIENTED_EDGE ( 'NONE', *, *, #114, .T. ) ;
#143 = CARTESIAN_POINT ( 'NONE',  ( 0.0000000000000000000, 0.0000000000000000000, -0.03149606299212599075 ) ) ;
#144 =( NAMED_UNIT ( * ) SI_UNIT ( $, .STERADIAN. ) SOLID_ANGLE_UNIT ( ) );
#145 = VERTEX_POINT ( 'NONE', #137 ) ;
#146 = CARTESIAN_POINT ( 'NONE',  ( -0.05168369905216034510, 0.009973753906609469921, -0.03149606299212599075 ) ) ;
#147 = CARTESIAN_POINT ( 'NONE',  ( 0.1181102362204724532, 0.0000000000000000000, 0.03543307086614174567 ) ) ;
#148 = DIRECTION ( 'NONE',  ( 0.0000000000000000000, -0.0000000000000000000, 1.000000000000000000 ) ) ;
#149 = SURFACE_STYLE_FILL_AREA ( #1978 ) ;
#150 = EDGE_CURVE ( 'NONE', #527, #664, #1247, .T. ) ;
#151 = FACE_OUTER_BOUND ( 'NONE', #888, .T. ) ;
#152 = VERTEX_POINT ( 'NONE', #1698 ) ;
#153 = ORIENTED_EDGE ( 'NONE', *, *, #1752, .F. ) ;
#154 = SURFACE_STYLE_FILL_AREA ( #1540 ) ;
#155 = CYLINDRICAL_SURFACE ( 'NONE', #1457, 0.008858267716535434683 ) ;
#156 = ORIENTED_EDGE ( 'NONE', *, *, #1658, .T. ) ;
#157 = CARTESIAN_POINT ( 'NONE',  ( -0.05829089757854330478, -0.006234934657295275635, -0.03149606299212598381 ) ) ;
#158 = LINE ( 'NONE', #769, #1099 ) ;
#159 = PRESENTATION_STYLE_ASSIGNMENT (( #463 ) ) ;
#160 = EDGE_CURVE ( 'NONE', #430, #1297, #1543, .T. ) ;
#161 = EDGE_CURVE ( 'NONE', #922, #1814, #1523, .T. ) ;
#162 = VERTEX_POINT ( 'NONE', #1840 ) ;
#163 = PLANE ( 'NONE',  #964 ) ;
#164 = ORIENTED_EDGE ( 'NONE', *, *, #660, .T. ) ;
#165 = DIRECTION ( 'NONE',  ( 0.7145104988019647108, 0.6996247187612566476, 0.0000000000000000000 ) ) ;
#166 = VECTOR ( 'NONE', #900, 39.37007874015748143 ) ;
#167 = VECTOR ( 'NONE', #910, 39.37007874015748143 ) ;
#168 = DIRECTION ( 'NONE',  ( 0.0000000000000000000, 0.0000000000000000000, -1.000000000000000000 ) ) ;
#169 = AXIS2_PLACEMENT_3D ( 'NONE', #1424, #632, #330 ) ;
#170 =( LENGTH_UNIT ( ) NAMED_UNIT ( * ) SI_UNIT ( $, .METRE. ) );
#171 = TOROIDAL_SURFACE ( 'NONE', #1774, 0.01771653543307223286, 0.001968503937007793757 ) ;
#172 = DIRECTION ( 'NONE',  ( 0.0000000000000000000, -0.0000000000000000000, 1.000000000000000000 ) ) ;
#173 = AXIS2_PLACEMENT_3D ( 'NONE', #1160, #1439, #1128 ) ;
#174 = TOROIDAL_SURFACE ( 'NONE', #1487, 0.01771653543307219122, 0.001968503937007823248 ) ;
#175 = ORIENTED_EDGE ( 'NONE', *, *, #722, .T. ) ;
#176 = DIRECTION ( 'NONE',  ( 2.167388928543064723E-16, 6.635236030079914289E-18, -1.000000000000000000 ) ) ;
#177 = EDGE_CURVE ( 'NONE', #874, #247, #158, .T. ) ;
#178 =( NAMED_UNIT ( * ) PLANE_ANGLE_UNIT ( ) SI_UNIT ( $, .RADIAN. ) );
#179 = ORIENTED_EDGE ( 'NONE', *, *, #1406, .F. ) ;
#180 = DIRECTION ( 'NONE',  ( 0.0000000000000000000, 0.0000000000000000000, 1.000000000000000000 ) ) ;
#181 = CARTESIAN_POINT ( 'NONE',  ( -0.05503434412122047009, 0.0006014010424602361706, -0.03148818897637795794 ) ) ;
#182 =( NAMED_UNIT ( * ) PLANE_ANGLE_UNIT ( ) SI_UNIT ( $, .RADIAN. ) );
#183 = EDGE_LOOP ( 'NONE', ( #767, #939 ) ) ;
#184 = SURFACE_STYLE_FILL_AREA ( #1280 ) ;
#185 = FACE_OUTER_BOUND ( 'NONE', #1742, .T. ) ;
#186 = CARTESIAN_POINT ( 'NONE',  ( 0.0000000000000000000, -0.09448818897637763226, -0.03149606299212597688 ) ) ;
#187 = EDGE_CURVE ( 'NONE', #23, #1063, #993, .T. ) ;
#188 = EDGE_LOOP ( 'NONE', ( #1661, #164 ) ) ;
#189 = FACE_OUTER_BOUND ( 'NONE', #355, .T. ) ;
#190 = ORIENTED_EDGE ( 'NONE', *, *, #1217, .F. ) ;
#191 = CARTESIAN_POINT ( 'NONE',  ( 0.0000000000000000000, 0.0000000000000000000, -0.03149606299212599075 ) ) ;
#192 = CARTESIAN_POINT ( 'NONE',  ( 0.0000000000000000000, 0.09448818897637763226, -0.03149606299212597688 ) ) ;
#193 = ORIENTED_EDGE ( 'NONE', *, *, #1473, .T. ) ;
#194 = CARTESIAN_POINT ( 'NONE',  ( 0.03937007874015276132, 0.05511811023622692485, -0.03346456692913380576 ) ) ;
#195 =( NAMED_UNIT ( * ) PLANE_ANGLE_UNIT ( ) SI_UNIT ( $, .RADIAN. ) );
#196 = CIRCLE ( 'NONE', #132, 0.001968503937007819345 ) ;
#197 = EDGE_CURVE ( 'NONE', #99, #1832, #1553, .T. ) ;
#198 = CIRCLE ( 'NONE', #773, 0.008858267716535431213 ) ;
#199 = PRESENTATION_LAYER_ASSIGNMENT (  '', '', ( #457 ) ) ;
#200 = VECTOR ( 'NONE', #715, 39.37007874015748854 ) ;
#201 = TOROIDAL_SURFACE ( 'NONE', #1202, 0.1102362204724229994, 0.007874015748031903614 ) ;
#202 = VECTOR ( 'NONE', #1524, 39.37007874015748143 ) ;
#203 = PLANE ( 'NONE',  #491 ) ;
#204 = ORIENTED_EDGE ( 'NONE', *, *, #572, .F. ) ;
#205 = CARTESIAN_POINT ( 'NONE',  ( -0.1181102362204727585, 1.446433227339397463E-17, -0.03149606299212599075 ) ) ;
#206 = CARTESIAN_POINT ( 'NONE',  ( -0.1889763779527552923, -0.09448818897637764613, -0.03149606299212597688 ) ) ;
#207 = CARTESIAN_POINT ( 'NONE',  ( 0.04822834645669292486, -0.03740157480314960925, -0.1535433070866141780 ) ) ;
#208 = ORIENTED_EDGE ( 'NONE', *, *, #520, .F. ) ;
#209 = CARTESIAN_POINT ( 'NONE',  ( 0.02165925089220734068, -0.04207141376742279393, -0.03346456692913386821 ) ) ;
#210 = ADVANCED_FACE ( 'NONE', ( #1446 ), #990, .T. ) ;
#211 = FACE_OUTER_BOUND ( 'NONE', #803, .T. ) ;
#212 = ORIENTED_EDGE ( 'NONE', *, *, #884, .T. ) ;
#213 = DIRECTION ( 'NONE',  ( -0.5466227293960661537, 0.8373790012339664690, 0.0000000000000000000 ) ) ;
#214 = DIRECTION ( 'NONE',  ( 1.000000000000000000, 0.0000000000000000000, 0.0000000000000000000 ) ) ;
#215 = UNCERTAINTY_MEASURE_WITH_UNIT (LENGTH_MEASURE( 1.000000000000000082E-05 ), #1113, 'distance_accuracy_value', 'NONE');
#216 = ORIENTED_EDGE ( 'NONE', *, *, #1546, .T. ) ;
#217 = EDGE_CURVE ( 'NONE', #1459, #607, #1095, .T. ) ;
#218 = EDGE_CURVE ( 'NONE', #270, #1516, #198, .T. ) ;
#219 = CARTESIAN_POINT ( 'NONE',  ( 0.0000000000000000000, 0.0000000000000000000, -0.03149606299212598381 ) ) ;
#220 = ORIENTED_EDGE ( 'NONE', *, *, #11, .T. ) ;
#221 = CARTESIAN_POINT ( 'NONE',  ( -0.05302395689205898627, -0.007086614173230539916, -0.03149606299212598381 ) ) ;
#222 = FILL_AREA_STYLE_COLOUR ( '', #1713 ) ;
#223 = ORIENTED_EDGE ( 'NONE', *, *, #1867, .F. ) ;
#224 = FILL_AREA_STYLE ('',( #985 ) ) ;
#225 = DIRECTION ( 'NONE',  ( 0.0000000000000000000, 1.000000000000000000, 0.0000000000000000000 ) ) ;
#226 = STYLED_ITEM ( 'NONE', ( #1548 ), #445 ) ;
#227 = AXIS2_PLACEMENT_3D ( 'NONE', #926, #180, #1828 ) ;
#228 =( GEOMETRIC_REPRESENTATION_CONTEXT ( 3 ) GLOBAL_UNCERTAINTY_ASSIGNED_CONTEXT ( ( #1437 ) ) GLOBAL_UNIT_ASSIGNED_CONTEXT ( ( #1450, #496, #1880 ) ) REPRESENTATION_CONTEXT ( 'NONE', 'WORKASPACE' ) );
#229 =( GEOMETRIC_REPRESENTATION_CONTEXT ( 3 ) GLOBAL_UNCERTAINTY_ASSIGNED_CONTEXT ( ( #379 ) ) GLOBAL_UNIT_ASSIGNED_CONTEXT ( ( #538, #913, #761 ) ) REPRESENTATION_CONTEXT ( 'NONE', 'WORKASPACE' ) );
#230 = STYLED_ITEM ( 'NONE', ( #400 ), #994 ) ;
#231 = CARTESIAN_POINT ( 'NONE',  ( 0.2125984251968506822, 0.1062992125984253411, -0.04330708661417356081 ) ) ;
#232 = VECTOR ( 'NONE', #1105, 39.37007874015748143 ) ;
#233 = ORIENTED_EDGE ( 'NONE', *, *, #1296, .F. ) ;
#234 = LINE ( 'NONE', #1738, #1962 ) ;
#235 = ADVANCED_FACE ( 'NONE', ( #1125 ), #830, .T. ) ;
#236 = CARTESIAN_POINT ( 'NONE',  ( -0.009229443422265646430, 0.01583359300880606696, -0.03346456692913387515 ) ) ;
#237 = CARTESIAN_POINT ( 'NONE',  ( 0.009221371676542798254, 0.01582552126781366572, -0.03346456692913386821 ) ) ;
#238 = EDGE_LOOP ( 'NONE', ( #654, #1148, #1881, #1196, #1757 ) ) ;
#239 = CARTESIAN_POINT ( 'NONE',  ( 0.2125984251968506822, -0.1062992125984253411, -0.04330708661417356081 ) ) ;
#240 = CARTESIAN_POINT ( 'NONE',  ( 0.2263612249354462758, -0.1131806124677231379, -0.04330708661417347755 ) ) ;
#241 = ADVANCED_FACE ( 'NONE', ( #1609 ), #69, .F. ) ;
#242 = CARTESIAN_POINT ( 'NONE',  ( -4.574209376065918268E-15, 0.01771653543307100814, -0.03346456692913381964 ) ) ;
#243 = ORIENTED_EDGE ( 'NONE', *, *, #1482, .T. ) ;
#244 = DIRECTION ( 'NONE',  ( -1.000000000000000000, 0.0000000000000000000, 0.0000000000000000000 ) ) ;
#245 = LENGTH_MEASURE_WITH_UNIT ( LENGTH_MEASURE( 0.02539999999999999897 ), #730 );
#246 = CARTESIAN_POINT ( 'NONE',  ( -0.2362204724409455170, -0.1181102362204727585, -0.03149606299212599075 ) ) ;
#247 = VERTEX_POINT ( 'NONE', #207 ) ;
#248 = DIRECTION ( 'NONE',  ( 0.0000000000000000000, 0.0000000000000000000, -1.000000000000000000 ) ) ;
#249 = CARTESIAN_POINT ( 'NONE',  ( 0.0000000000000000000, 0.0000000000000000000, -0.03149606299212598381 ) ) ;
#250 = CARTESIAN_POINT ( 'NONE',  ( 0.05708661417323459414, -0.03740157480316377847, -0.03346456692913386821 ) ) ;
#251 = ADVANCED_FACE ( 'NONE', ( #1265 ), #1234, .T. ) ;
#252 =( LENGTH_UNIT ( ) NAMED_UNIT ( * ) SI_UNIT ( $, .METRE. ) );
#253 = AXIS2_PLACEMENT_3D ( 'NONE', #1230, #1693, #778 ) ;
#254 = ADVANCED_FACE ( 'NONE', ( #806 ), #1436, .F. ) ;
#255 = CIRCLE ( 'NONE', #431, 0.1181102362204727724 ) ;
#256 = DIRECTION ( 'NONE',  ( -0.4547771179095891347, 0.8906052846384011623, 0.0000000000000000000 ) ) ;
#257 = DIMENSIONAL_EXPONENTS ( 1.000000000000000000, 0.0000000000000000000, 0.0000000000000000000, 0.0000000000000000000, 0.0000000000000000000, 0.0000000000000000000, 0.0000000000000000000 ) ;
#258 = ORIENTED_EDGE ( 'NONE', *, *, #825, .F. ) ;
#259 = FILL_AREA_STYLE_COLOUR ( '', #1370 ) ;
#260 = CIRCLE ( 'NONE', #1589, 0.1181102362204724532 ) ;
#261 = CARTESIAN_POINT ( 'NONE',  ( 0.2362204724409455170, -0.1181102362204727585, -0.03149606299212599075 ) ) ;
#262 = AXIS2_PLACEMENT_3D ( 'NONE', #677, #1596, #1467 ) ;
#263 = DIRECTION ( 'NONE',  ( -1.224646799147353207E-16, 1.000000000000000000, 0.0000000000000000000 ) ) ;
#264 = AXIS2_PLACEMENT_3D ( 'NONE', #1396, #447, #1263 ) ;
#265 = ORIENTED_EDGE ( 'NONE', *, *, #562, .T. ) ;
#266 = DIRECTION ( 'NONE',  ( 0.0000000000000000000, 0.0000000000000000000, 1.000000000000000000 ) ) ;
#267 = CARTESIAN_POINT ( 'NONE',  ( 0.0000000000000000000, 0.006692913385826772428, -0.03149606299212598381 ) ) ;
#268 = ADVANCED_FACE ( 'NONE', ( #1285 ), #676, .T. ) ;
#269 = FACE_OUTER_BOUND ( 'NONE', #1028, .T. ) ;
#270 = VERTEX_POINT ( 'NONE', #87 ) ;
#271 = ORIENTED_EDGE ( 'NONE', *, *, #1248, .T. ) ;
#272 = EDGE_LOOP ( 'NONE', ( #1409, #996, #193, #1320 ) ) ;
#273 = CARTESIAN_POINT ( 'NONE',  ( 0.03937007874015276132, 0.05511811023622692485, -0.03346456692913380576 ) ) ;
#274 = ORIENTED_EDGE ( 'NONE', *, *, #326, .T. ) ;
#275 = CARTESIAN_POINT ( 'NONE',  ( 0.0000000000000000000, 0.09448818897637764613, -0.03149606299212598381 ) ) ;
#276 = EDGE_CURVE ( 'NONE', #1438, #1459, #315, .T. ) ;
#277 = DIRECTION ( 'NONE',  ( -0.0000000000000000000, -0.0000000000000000000, -1.000000000000000000 ) ) ;
#278 = CARTESIAN_POINT ( 'NONE',  ( -0.02708888735856693902, 0.006692913385826773295, -0.03189763779527559490 ) ) ;
#279 = DIRECTION ( 'NONE',  ( -0.0000000000000000000, -0.0000000000000000000, -1.000000000000000000 ) ) ;
#280 = DIRECTION ( 'NONE',  ( -0.4547771179095891347, 0.8906052846384011623, 0.0000000000000000000 ) ) ;
#281 = PRESENTATION_STYLE_ASSIGNMENT (( #420 ) ) ;
#282 = DIRECTION ( 'NONE',  ( 0.0000000000000000000, 0.0000000000000000000, -1.000000000000000000 ) ) ;
#283 = VERTEX_POINT ( 'NONE', #428 ) ;
#284 = AXIS2_PLACEMENT_3D ( 'NONE', #350, #1454, #1109 ) ;
#285 = DIRECTION ( 'NONE',  ( 0.0000000000000000000, -0.0000000000000000000, 1.000000000000000000 ) ) ;
#286 = CARTESIAN_POINT ( 'NONE',  ( 0.1181102362204727585, 0.0000000000000000000, -0.03149606299212599075 ) ) ;
#287 = EDGE_CURVE ( 'NONE', #1577, #1421, #848, .T. ) ;
#288 = VECTOR ( 'NONE', #42, 39.37007874015748854 ) ;
#289 = ORIENTED_EDGE ( 'NONE', *, *, #218, .T. ) ;
#290 = CARTESIAN_POINT ( 'NONE',  ( 0.03937007874015747977, -0.03740157480314960925, -0.03346456692913386127 ) ) ;
#291 = VECTOR ( 'NONE', #590, 39.37007874015748143 ) ;
#292 = B_SPLINE_CURVE_WITH_KNOTS ( 'NONE', 3,
 ( #719, #94, #703, #236, #1646, #877 ),
 .UNSPECIFIED., .F., .F.,
 ( 4, 2, 4 ),
 ( 0.5000000000912835363, 0.7500000000000000000, 1.000000000000000000 ),
 .UNSPECIFIED. ) ;
#293 = CARTESIAN_POINT ( 'NONE',  ( 0.0000000000000000000, -0.1181102362204727863, -0.03845205475134411133 ) ) ;
#294 = CIRCLE ( 'NONE', #393, 0.008858267716535434683 ) ;
#295 = CARTESIAN_POINT ( 'NONE',  ( 0.0000000000000000000, 0.0000000000000000000, 0.0000000000000000000 ) ) ;
#296 = CARTESIAN_POINT ( 'NONE',  ( -0.05168369906923821894, -0.01233595797733896653, -0.03188976377952756208 ) ) ;
#297 = UNCERTAINTY_MEASURE_WITH_UNIT (LENGTH_MEASURE( 1.000000000000000082E-05 ), #93, 'distance_accuracy_value', 'NONE');
#298 = ORIENTED_EDGE ( 'NONE', *, *, #114, .F. ) ;
#299 = DIRECTION ( 'NONE',  ( 0.0000000000000000000, 1.000000000000000000, 0.0000000000000000000 ) ) ;
#300 = CARTESIAN_POINT ( 'NONE',  ( 0.03051181102362204856, -0.03740157480314960925, -0.03346456692913386127 ) ) ;
#301 = FILL_AREA_STYLE_COLOUR ( '', #1896 ) ;
#302 = VERTEX_POINT ( 'NONE', #1167 ) ;
#303 = EDGE_CURVE ( 'NONE', #527, #414, #695, .T. ) ;
#304 = CARTESIAN_POINT ( 'NONE',  ( -0.03794605478526968251, 0.01062992125984251954, -0.03188976377952756208 ) ) ;
#305 = EDGE_CURVE ( 'NONE', #1012, #1788, #196, .T. ) ;
#306 = PRESENTATION_STYLE_ASSIGNMENT (( #1725 ) ) ;
#307 = PRODUCT_RELATED_PRODUCT_CATEGORY ( 'part', '', ( #1967 ) ) ;
#308 = EDGE_LOOP ( 'NONE', ( #10, #1121, #707, #129 ) ) ;
#309 = FACE_OUTER_BOUND ( 'NONE', #1510, .T. ) ;
#310 = ORIENTED_EDGE ( 'NONE', *, *, #1011, .T. ) ;
#311 = PLANE ( 'NONE',  #805 ) ;
#312 = CARTESIAN_POINT ( 'NONE',  ( -0.02755905511811023931, 0.01110008901938582503, -0.03148818897637795794 ) ) ;
#313 = DIRECTION ( 'NONE',  ( 0.0000000000000000000, -0.0000000000000000000, 1.000000000000000000 ) ) ;
#314 = EDGE_CURVE ( 'NONE', #1474, #922, #1684, .T. ) ;
#315 = B_SPLINE_CURVE_WITH_KNOTS ( 'NONE', 3,
 ( #570, #1791, #237, #878, #95, #555 ),
 .UNSPECIFIED., .F., .F.,
 ( 4, 2, 4 ),
 ( 0.0000000000000000000, 0.2500000000000000555, 0.5000000000912835363 ),
 .UNSPECIFIED. ) ;
#316 = ORIENTED_EDGE ( 'NONE', *, *, #931, .T. ) ;
#317 = PLANE ( 'NONE',  #135 ) ;
#318 = ORIENTED_EDGE ( 'NONE', *, *, #1925, .T. ) ;
#319 = CARTESIAN_POINT ( 'NONE',  ( 0.04822834645669291098, 0.03740157480314960925, -0.03346456692913386127 ) ) ;
#320 = VECTOR ( 'NONE', #128, 39.37007874015748143 ) ;
#321 = DIRECTION ( 'NONE',  ( -0.0000000000000000000, -0.0000000000000000000, -1.000000000000000000 ) ) ;
#322 = CARTESIAN_POINT ( 'NONE',  ( -0.05905511811023622659, -0.001181102362204724393, -0.03188976377952756208 ) ) ;
#323 = AXIS2_PLACEMENT_3D ( 'NONE', #790, #1301, #214 ) ;
#324 = AXIS2_PLACEMENT_3D ( 'NONE', #56, #335, #1287 ) ;
#325 = STYLED_ITEM ( 'NONE', ( #159 ), #1249 ) ;
#326 = EDGE_CURVE ( 'NONE', #1151, #533, #1509, .T. ) ;
#327 = ORIENTED_EDGE ( 'NONE', *, *, #89, .F. ) ;
#328 = FACE_BOUND ( 'NONE', #1432, .T. ) ;
#329 = CARTESIAN_POINT ( 'NONE',  ( -0.05168369903351110323, 0.009973753910260889366, -0.03188976377952756208 ) ) ;
#330 = DIRECTION ( 'NONE',  ( 1.000000000000000000, 0.0000000000000000000, 0.0000000000000000000 ) ) ;
#331 = EDGE_LOOP ( 'NONE', ( #1250, #116 ) ) ;
#332 = CARTESIAN_POINT ( 'NONE',  ( -0.05275935067751970353, 0.005113049736669290392, -0.03149606299212598381 ) ) ;
#333 =( LENGTH_UNIT ( ) NAMED_UNIT ( * ) SI_UNIT ( $, .METRE. ) );
#334 = SURFACE_STYLE_USAGE ( .BOTH. , #1891 ) ;
#335 = DIRECTION ( 'NONE',  ( 0.0000000000000000000, 0.0000000000000000000, -1.000000000000000000 ) ) ;
#336 = DIRECTION ( 'NONE',  ( 0.6996247826256792868, 0.7145104362680583243, 0.0000000000000000000 ) ) ;
#337 = VERTEX_POINT ( 'NONE', #1486 ) ;
#338 = DIRECTION ( 'NONE',  ( 1.000000000000000000, 0.0000000000000000000, 0.0000000000000000000 ) ) ;
#339 = ADVANCED_FACE ( 'NONE', ( #689 ), #1839, .T. ) ;
#340 = SURFACE_SIDE_STYLE ('',( #1905 ) ) ;
#341 = DIRECTION ( 'NONE',  ( 0.4547769889160057089, 0.8906053505074461585, 0.0000000000000000000 ) ) ;
#342 = CARTESIAN_POINT ( 'NONE',  ( 0.0000000000000000000, 0.09448818897637764613, -0.03149606299212598381 ) ) ;
#343 = VERTEX_POINT ( 'NONE', #1030 ) ;
#344 = CARTESIAN_POINT ( 'NONE',  ( -0.05462882141582679069, -0.004729469948370080418, -0.03148818897637795794 ) ) ;
#345 = CARTESIAN_POINT ( 'NONE',  ( 0.1988356254582549221, -0.09941781272912746104, -0.04330708661417365102 ) ) ;
#346 = EDGE_LOOP ( 'NONE', ( #879, #435, #1325, #1747 ) ) ;
#347 = PLANE ( 'NONE',  #1205 ) ;
#348 = CARTESIAN_POINT ( 'NONE',  ( -0.05214510249397637937, 0.009883395807988188189, -0.03148818897637795794 ) ) ;
#349 = ADVANCED_FACE ( 'NONE', ( #897 ), #163, .F. ) ;
#350 = CARTESIAN_POINT ( 'NONE',  ( 0.03937007874015747977, 0.03740157480314960925, -0.03346456692913386127 ) ) ;
#351 = VECTOR ( 'NONE', #704, 39.37007874015748143 ) ;
#352 = FACE_OUTER_BOUND ( 'NONE', #1623, .T. ) ;
#353 = CIRCLE ( 'NONE', #1897, 0.09448818897637764613 ) ;
#354 = TOROIDAL_SURFACE ( 'NONE', #1488, 0.01771653543308793211, 0.001968503937007816309 ) ;
#355 = EDGE_LOOP ( 'NONE', ( #1928, #1393, #243, #1831, #1792 ) ) ;
#356 = PRESENTATION_LAYER_ASSIGNMENT (  '', '', ( #547 ) ) ;
#357 = CARTESIAN_POINT ( 'NONE',  ( -0.05436421520128655732, -0.005118110236213777205, -0.03149606299212599075 ) ) ;
#358 = PRESENTATION_LAYER_ASSIGNMENT (  '', '', ( #973 ) ) ;
#359 = STYLED_ITEM ( 'NONE', ( #1920 ), #1856 ) ;
#360 = ORIENTED_EDGE ( 'NONE', *, *, #1162, .T. ) ;
#361 = DIRECTION ( 'NONE',  ( 0.0000000000000000000, 0.0000000000000000000, -1.000000000000000000 ) ) ;
#362 = PRESENTATION_STYLE_ASSIGNMENT (( #1739 ) ) ;
#363 = FILL_AREA_STYLE ('',( #222 ) ) ;
#364 = EDGE_LOOP ( 'NONE', ( #784, #594, #605, #459 ) ) ;
#365 = LINE ( 'NONE', #1741, #1141 ) ;
#366 = ADVANCED_FACE ( 'NONE', ( #309 ), #155, .T. ) ;
#367 = EDGE_LOOP ( 'NONE', ( #1597, #111, #1466, #1708 ) ) ;
#368 = CARTESIAN_POINT ( 'NONE',  ( -0.05771486012368109986, -0.007086614173228348960, -0.03188976377952756208 ) ) ;
#369 = EDGE_CURVE ( 'NONE', #793, #1477, #1703, .T. ) ;
#370 = VERTEX_POINT ( 'NONE', #757 ) ;
#371 = FACE_OUTER_BOUND ( 'NONE', #705, .T. ) ;
#372 = CARTESIAN_POINT ( 'NONE',  ( -0.2263612249354462758, -0.1131806124677231379, -0.04330708661417347755 ) ) ;
#373 = CARTESIAN_POINT ( 'NONE',  ( 0.05708661417323459414, -0.03740157480316377847, -0.03346456692913386821 ) ) ;
#374 = VERTEX_POINT ( 'NONE', #584 ) ;
#375 = CARTESIAN_POINT ( 'NONE',  ( -0.05905511811022894769, 0.0001312332828766766136, -0.03149606299212598381 ) ) ;
#376 = EDGE_LOOP ( 'NONE', ( #1892, #1847 ) ) ;
#377 =( NAMED_UNIT ( * ) SI_UNIT ( $, .STERADIAN. ) SOLID_ANGLE_UNIT ( ) );
#378 = PRESENTATION_STYLE_ASSIGNMENT (( #1337 ) ) ;
#379 = UNCERTAINTY_MEASURE_WITH_UNIT (LENGTH_MEASURE( 1.000000000000000082E-05 ), #538, 'distance_accuracy_value', 'NONE');
#380 = EDGE_CURVE ( 'NONE', #145, #1151, #1091, .T. ) ;
#381 = CARTESIAN_POINT ( 'NONE',  ( 0.0000000000000000000, -0.1181102362204727863, -0.03845205475134411133 ) ) ;
#382 = ORIENTED_EDGE ( 'NONE', *, *, #303, .F. ) ;
#383 = CARTESIAN_POINT ( 'NONE',  ( -0.05436421520128745244, -0.005118110236212457080, -0.03169291338582677642 ) ) ;
#384 = CARTESIAN_POINT ( 'NONE',  ( 0.0000000000000000000, 0.09448818897637761838, -0.03845205475134422235 ) ) ;
#385 = CARTESIAN_POINT ( 'NONE',  ( -0.1102362204724229994, 1.350004345516547578E-17, 0.03543307086614171791 ) ) ;
#386 = ORIENTED_EDGE ( 'NONE', *, *, #699, .T. ) ;
#387 = DIRECTION ( 'NONE',  ( 0.0000000000000000000, -0.0000000000000000000, 1.000000000000000000 ) ) ;
#388 = PRESENTATION_LAYER_ASSIGNMENT (  '', '', ( #226 ) ) ;
#389 = STYLED_ITEM ( 'NONE', ( #765 ), #764 ) ;
#390 = EDGE_CURVE ( 'NONE', #925, #1902, #734, .T. ) ;
#391 = VECTOR ( 'NONE', #282, 39.37007874015748143 ) ;
#392 = DIRECTION ( 'NONE',  ( 0.9713211669576410356, -0.2377712989829644519, 0.0000000000000000000 ) ) ;
#393 = AXIS2_PLACEMENT_3D ( 'NONE', #597, #408, #244 ) ;
#394 = ORIENTED_EDGE ( 'NONE', *, *, #1077, .F. ) ;
#395 =( CONVERSION_BASED_UNIT ( 'INCH', #1771 ) LENGTH_UNIT ( ) NAMED_UNIT ( #1037 ) );
#396 = CARTESIAN_POINT ( 'NONE',  ( -0.2263612249354462758, 0.1131806124677231379, -0.04330708661417347755 ) ) ;
#397 = ORIENTED_EDGE ( 'NONE', *, *, #369, .T. ) ;
#398 = DIRECTION ( 'NONE',  ( -1.806986753405428954E-17, -7.807601151850407971E-20, 1.000000000000000000 ) ) ;
#399 = VERTEX_POINT ( 'NONE', #286 ) ;
#400 = PRESENTATION_STYLE_ASSIGNMENT (( #544 ) ) ;
#401 = CARTESIAN_POINT ( 'NONE',  ( 0.03937007874015747977, -0.03740157480314960925, -0.03149606299212598381 ) ) ;
#402 = CARTESIAN_POINT ( 'NONE',  ( -0.2362204724409455725, 0.1181102362204727863, -0.03845205475134409745 ) ) ;
#403 = SURFACE_STYLE_USAGE ( .BOTH. , #732 ) ;
#404 = CARTESIAN_POINT ( 'NONE',  ( 0.0000000000000000000, 0.1062992125984253550, -0.04330708661417356775 ) ) ;
#405 = EDGE_CURVE ( 'NONE', #1532, #542, #17, .T. ) ;
#406 = ORIENTED_EDGE ( 'NONE', *, *, #1679, .T. ) ;
#407 = DIRECTION ( 'NONE',  ( -0.8373790012339662470, -0.5466227293960660427, 0.0000000000000000000 ) ) ;
#408 = DIRECTION ( 'NONE',  ( 0.0000000000000000000, 0.0000000000000000000, -1.000000000000000000 ) ) ;
#409 = FACE_OUTER_BOUND ( 'NONE', #1231, .T. ) ;
#410 = CARTESIAN_POINT ( 'NONE',  ( -0.05683090957712599173, -0.008817684178992127655, -0.03189763779527559490 ) ) ;
#411 = ORIENTED_EDGE ( 'NONE', *, *, #1448, .F. ) ;
#412 = CARTESIAN_POINT ( 'NONE',  ( 0.0000000000000000000, 0.1181102362204727724, -0.03149606299212599075 ) ) ;
#413 = DIRECTION ( 'NONE',  ( 0.0000000000000000000, 0.0000000000000000000, -1.000000000000000000 ) ) ;
#414 = VERTEX_POINT ( 'NONE', #1836 ) ;
#415 = DIRECTION ( 'NONE',  ( 1.000000000000000000, -1.410823185726665798E-36, 1.806986753405428954E-17 ) ) ;
#416 = DIMENSIONAL_EXPONENTS ( 1.000000000000000000, 0.0000000000000000000, 0.0000000000000000000, 0.0000000000000000000, 0.0000000000000000000, 0.0000000000000000000, 0.0000000000000000000 ) ;
#417 = EDGE_CURVE ( 'NONE', #1425, #1691, #1252, .T. ) ;
#418 = ORIENTED_EDGE ( 'NONE', *, *, #572, .T. ) ;
#419 = DIRECTION ( 'NONE',  ( 0.0000000000000000000, 0.0000000000000000000, 1.000000000000000000 ) ) ;
#420 = SURFACE_STYLE_USAGE ( .BOTH. , #1356 ) ;
#421 =( NAMED_UNIT ( * ) SI_UNIT ( $, .STERADIAN. ) SOLID_ANGLE_UNIT ( ) );
#422 = COLOUR_RGB ( '',0.7568627450980391913, 0.7137254901960784492, 0.1960784313725490169 ) ;
#423 = VECTOR ( 'NONE', #165, 39.37007874015748854 ) ;
#424 = VECTOR ( 'NONE', #1731, 39.37007874015748143 ) ;
#425 = DIRECTION ( 'NONE',  ( 0.0000000000000000000, 0.0000000000000000000, 1.000000000000000000 ) ) ;
#426 = FACE_OUTER_BOUND ( 'NONE', #1031, .T. ) ;
#427 = MECHANICAL_DESIGN_GEOMETRIC_PRESENTATION_REPRESENTATION (  '', ( #230 ), #1719 ) ;
#428 = CARTESIAN_POINT ( 'NONE',  ( 0.1102362204724409434, 0.0000000000000000000, 0.05118110236220473758 ) ) ;
#429 = VECTOR ( 'NONE', #556, 39.37007874015748143 ) ;
#430 = VERTEX_POINT ( 'NONE', #924 ) ;
#431 = AXIS2_PLACEMENT_3D ( 'NONE', #1678, #1859, #299 ) ;
#432 = ORIENTED_EDGE ( 'NONE', *, *, #1889, .F. ) ;
#433 = DIRECTION ( 'NONE',  ( -0.0000000000000000000, -1.000000000000000000, 0.0000000000000000000 ) ) ;
#434 = EDGE_CURVE ( 'NONE', #343, #533, #1076, .T. ) ;
#435 = ORIENTED_EDGE ( 'NONE', *, *, #405, .T. ) ;
#436 = EDGE_CURVE ( 'NONE', #92, #1503, #1363, .T. ) ;
#437 = DIRECTION ( 'NONE',  ( -0.2473831898960778541, -0.9689177247614170208, 0.0000000000000000000 ) ) ;
#438 = LINE ( 'NONE', #1960, #1135 ) ;
#439 = DIRECTION ( 'NONE',  ( -1.000000000000000000, 0.0000000000000000000, 0.0000000000000000000 ) ) ;
#440 = ORIENTED_EDGE ( 'NONE', *, *, #436, .F. ) ;
#441 = CARTESIAN_POINT ( 'NONE',  ( 0.0000000000000000000, -0.09448818897637761838, -0.03845205475134422235 ) ) ;
#442 = CARTESIAN_POINT ( 'NONE',  ( 0.03014870706941546671, 0.02157605353143687496, -0.03346456692913386821 ) ) ;
#443 = PLANE ( 'NONE',  #1074 ) ;
#444 = ORIENTED_EDGE ( 'NONE', *, *, #217, .T. ) ;
#445 = ADVANCED_FACE ( 'NONE', ( #1817 ), #748, .T. ) ;
#446 = ORIENTED_EDGE ( 'NONE', *, *, #197, .T. ) ;
#447 = DIRECTION ( 'NONE',  ( 0.0000000000000000000, 0.0000000000000000000, -1.000000000000000000 ) ) ;
#448 = CARTESIAN_POINT ( 'NONE',  ( 0.05709232175836263801, -0.04207141375545037781, -0.03346456692913386821 ) ) ;
#449 = DIRECTION ( 'NONE',  ( -0.9713212062350897735, -0.2377711385303309111, 0.0000000000000000000 ) ) ;
#450 = VECTOR ( 'NONE', #1954, 39.37007874015748143 ) ;
#451 = CIRCLE ( 'NONE', #902, 0.01968503937008002011 ) ;
#452 = ORIENTED_EDGE ( 'NONE', *, *, #735, .T. ) ;
#453 = ADVANCED_FACE ( 'NONE', ( #1600 ), #671, .F. ) ;
#454 = VECTOR ( 'NONE', #455, 39.37007874015748143 ) ;
#455 = DIRECTION ( 'NONE',  ( 0.0000000000000000000, 0.0000000000000000000, 1.000000000000000000 ) ) ;
#456 = DIRECTION ( 'NONE',  ( 0.8981380447712224990, 0.4397136028536362540, 0.0000000000000000000 ) ) ;
#457 = STYLED_ITEM ( 'NONE', ( #378 ), #1980 ) ;
#458 = STYLED_ITEM ( 'NONE', ( #896 ), #725 ) ;
#459 = ORIENTED_EDGE ( 'NONE', *, *, #1571, .T. ) ;
#460 = LINE ( 'NONE', #1855, #1035 ) ;
#461 = VECTOR ( 'NONE', #1476, 39.37007874015748143 ) ;
#462 = LINE ( 'NONE', #1522, #546 ) ;
#463 = SURFACE_STYLE_USAGE ( .BOTH. , #482 ) ;
#464 = LENGTH_MEASURE_WITH_UNIT ( LENGTH_MEASURE( 0.02539999999999999897 ), #762 );
#465 = DIRECTION ( 'NONE',  ( -1.000000000000000000, 0.0000000000000000000, 0.0000000000000000000 ) ) ;
#466 = B_SPLINE_CURVE_WITH_KNOTS ( 'NONE', 3,
 ( #1667, #889, #442, #1390, #1566, #502 ),
 .UNSPECIFIED., .F., .F.,
 ( 4, 2, 4 ),
 ( 0.0000000000000000000, 0.2500000000000000000, 0.5000000000913024101 ),
 .UNSPECIFIED. ) ;
#467 = FILL_AREA_STYLE_COLOUR ( '', #580 ) ;
#468 = SURFACE_SIDE_STYLE ('',( #614 ) ) ;
#469 = ORIENTED_EDGE ( 'NONE', *, *, #699, .F. ) ;
#470 = DIRECTION ( 'NONE',  ( 0.0000000000000000000, 0.0000000000000000000, -1.000000000000000000 ) ) ;
#471 = EDGE_CURVE ( 'NONE', #399, #141, #505, .T. ) ;
#472 = FACE_OUTER_BOUND ( 'NONE', #1694, .T. ) ;
#473 = CARTESIAN_POINT ( 'NONE',  ( -0.04833305445244093917, 0.0000000000000000000, -0.03149606299212599075 ) ) ;
#474 = CARTESIAN_POINT ( 'NONE',  ( 0.04872385083228347041, -0.04673001027921262068, -0.1535433070866141780 ) ) ;
#475 = VERTEX_POINT ( 'NONE', #1120 ) ;
#476 = CARTESIAN_POINT ( 'NONE',  ( -0.05704473110468831487, 0.006036746043411505246, -0.03188976377952755514 ) ) ;
#477 = CARTESIAN_POINT ( 'NONE',  ( -0.04880322221196849164, 0.01062992125984251954, -0.03148818897637795794 ) ) ;
#478 = CARTESIAN_POINT ( 'NONE',  ( -0.04787165102736219702, -0.01308248416845669317, -0.03149606299212599075 ) ) ;
#479 = ORIENTED_EDGE ( 'NONE', *, *, #1150, .T. ) ;
#480 = CARTESIAN_POINT ( 'NONE',  ( -0.05302395688133774987, -0.007086614180229595765, -0.03188976377952755514 ) ) ;
#481 = CARTESIAN_POINT ( 'NONE',  ( 0.04408375880617056153, -0.05511811023350757233, -0.03346456692913385433 ) ) ;
#482 = SURFACE_SIDE_STYLE ('',( #1877 ) ) ;
#483 = ADVANCED_FACE ( 'NONE', ( #211 ), #1779, .F. ) ;
#484 = ORIENTED_EDGE ( 'NONE', *, *, #1917, .F. ) ;
#485 = CARTESIAN_POINT ( 'NONE',  ( 0.03937007874015747977, -0.03740157480314961619, -0.03149606299212596300 ) ) ;
#486 = ORIENTED_EDGE ( 'NONE', *, *, #1964, .T. ) ;
#487 = DIRECTION ( 'NONE',  ( 1.000000000000000000, 0.0000000000000000000, 0.0000000000000000000 ) ) ;
#488 = MECHANICAL_DESIGN_GEOMETRIC_PRESENTATION_REPRESENTATION (  '', ( #226 ), #228 ) ;
#489 = DIRECTION ( 'NONE',  ( -0.1921826769037686955, 0.9813591690599837714, 0.0000000000000000000 ) ) ;
#490 = DIRECTION ( 'NONE',  ( -0.8981381301622466395, 0.4397134284379581315, 0.0000000000000000000 ) ) ;
#491 = AXIS2_PLACEMENT_3D ( 'NONE', #477, #622, #1090 ) ;
#492 = PLANE ( 'NONE',  #22 ) ;
#493 = CIRCLE ( 'NONE', #1841, 0.008858267716535431213 ) ;
#494 = EDGE_CURVE ( 'NONE', #302, #370, #1484, .T. ) ;
#495 = DIRECTION ( 'NONE',  ( -1.000000000000000000, -6.737527667258774809E-37, -2.167388928541335639E-16 ) ) ;
#496 =( NAMED_UNIT ( * ) PLANE_ANGLE_UNIT ( ) SI_UNIT ( $, .RADIAN. ) );
#497 = ADVANCED_FACE ( 'NONE', ( #1323 ), #1163, .T. ) ;
#498 = EDGE_LOOP ( 'NONE', ( #1416, #1294, #1084, #1188 ) ) ;
#499 = DIRECTION ( 'NONE',  ( -0.0000000000000000000, -0.0000000000000000000, -1.000000000000000000 ) ) ;
#500 = LINE ( 'NONE', #50, #1401 ) ;
#501 = DIRECTION ( 'NONE',  ( 0.0000000000000000000, 0.0000000000000000000, -1.000000000000000000 ) ) ;
#502 = CARTESIAN_POINT ( 'NONE',  ( 0.02165354330708036193, 0.03740157480316377153, -0.03346456692913386821 ) ) ;
#503 = ORIENTED_EDGE ( 'NONE', *, *, #1629, .F. ) ;
#504 = ADVANCED_FACE ( 'NONE', ( #1625 ), #1927, .T. ) ;
#505 = LINE ( 'NONE', #957, #612 ) ;
#506 = ORIENTED_EDGE ( 'NONE', *, *, #150, .T. ) ;
#507 = LINE ( 'NONE', #49, #873 ) ;
#508 = PLANE ( 'NONE',  #104 ) ;
#509 = DIRECTION ( 'NONE',  ( 0.0000000000000000000, 0.0000000000000000000, -1.000000000000000000 ) ) ;
#510 = CARTESIAN_POINT ( 'NONE',  ( 6.116849462907409701E-12, -0.01771653543307101161, -0.03346456692913381964 ) ) ;
#511 = VERTEX_POINT ( 'NONE', #1497 ) ;
#512 = DIRECTION ( 'NONE',  ( 1.438113710986524353E-33, -1.000000000000000000, -6.635236030079914289E-18 ) ) ;
#513 = CARTESIAN_POINT ( 'NONE',  ( -0.1889763779527554033, 0.09448818897637770164, -0.03845205475134421541 ) ) ;
#514 = ADVANCED_FACE ( 'NONE', ( #1939 ), #560, .F. ) ;
#515 = ORIENTED_EDGE ( 'NONE', *, *, #611, .T. ) ;
#516 = PLANE ( 'NONE',  #678 ) ;
#517 = VECTOR ( 'NONE', #407, 39.37007874015748854 ) ;
#518 = CARTESIAN_POINT ( 'NONE',  ( 0.1889763779527552923, 0.09448818897637764613, -0.03149606299212597688 ) ) ;
#519 = CARTESIAN_POINT ( 'NONE',  ( -0.05515065572137793637, -0.002037884131490157961, -0.03148818897637795794 ) ) ;
#520 = EDGE_CURVE ( 'NONE', #1237, #1004, #115, .T. ) ;
#521 = VECTOR ( 'NONE', #1846, 39.37007874015748143 ) ;
#522 = CARTESIAN_POINT ( 'NONE',  ( -0.004683666050834106413, -0.01771653543576603637, -0.03346456692913385433 ) ) ;
#523 = COLOUR_RGB ( '',0.7568627450980391913, 0.7137254901960784492, 0.1960784313725490169 ) ;
#524 = MECHANICAL_DESIGN_GEOMETRIC_PRESENTATION_REPRESENTATION (  '', ( #458 ), #1963 ) ;
#525 = ORIENTED_EDGE ( 'NONE', *, *, #1906, .F. ) ;
#526 = CIRCLE ( 'NONE', #871, 0.001968503937007793757 ) ;
#527 = VERTEX_POINT ( 'NONE', #1505 ) ;
#528 = CARTESIAN_POINT ( 'NONE',  ( -0.05424790360114171983, 0.003211459387645670179, -0.03148818897637795794 ) ) ;
#529 = DIRECTION ( 'NONE',  ( 0.0000000000000000000, 1.000000000000000000, 0.0000000000000000000 ) ) ;
#530 = ORIENTED_EDGE ( 'NONE', *, *, #1150, .F. ) ;
#531 = EDGE_CURVE ( 'NONE', #690, #370, #1956, .T. ) ;
#532 = ORIENTED_EDGE ( 'NONE', *, *, #136, .F. ) ;
#533 = VERTEX_POINT ( 'NONE', #1042 ) ;
#534 = LINE ( 'NONE', #804, #73 ) ;
#535 = CARTESIAN_POINT ( 'NONE',  ( 0.0000000000000000000, 0.1131806124677231656, -0.04330708661417347755 ) ) ;
#536 = SURFACE_STYLE_USAGE ( .BOTH. , #1912 ) ;
#537 = ADVANCED_FACE ( 'NONE', ( #1659, #269 ), #1359, .F. ) ;
#538 =( CONVERSION_BASED_UNIT ( 'INCH', #1915 ) LENGTH_UNIT ( ) NAMED_UNIT ( #1821 ) );
#539 = UNCERTAINTY_MEASURE_WITH_UNIT (LENGTH_MEASURE( 1.000000000000000082E-05 ), #947, 'distance_accuracy_value', 'NONE');
#540 = ORIENTED_EDGE ( 'NONE', *, *, #44, .T. ) ;
#541 = CARTESIAN_POINT ( 'NONE',  ( -0.1988356254582549221, -0.09941781272912746104, -0.04330708661417365102 ) ) ;
#542 = VERTEX_POINT ( 'NONE', #797 ) ;
#543 = CARTESIAN_POINT ( 'NONE',  ( -0.05838498913530167089, -0.005774278040745258606, -0.03188976377952756902 ) ) ;
#544 = SURFACE_STYLE_USAGE ( .BOTH. , #659 ) ;
#545 = LINE ( 'NONE', #845, #903 ) ;
#546 = VECTOR ( 'NONE', #1233, 39.37007874015748143 ) ;
#547 = STYLED_ITEM ( 'NONE', ( #281 ), #1696 ) ;
#548 =( GEOMETRIC_REPRESENTATION_CONTEXT ( 3 ) GLOBAL_UNCERTAINTY_ASSIGNED_CONTEXT ( ( #697 ) ) GLOBAL_UNIT_ASSIGNED_CONTEXT ( ( #1564, #822, #68 ) ) REPRESENTATION_CONTEXT ( 'NONE', 'WORKASPACE' ) );
#549 = COLOUR_RGB ( '',0.7568627450980391913, 0.7137254901960784492, 0.1960784313725490169 ) ;
#550 = ADVANCED_FACE ( 'NONE', ( #675 ), #508, .T. ) ;
#551 = CARTESIAN_POINT ( 'NONE',  ( 0.0000000000000000000, -0.1181102362204727724, -0.03149606299212599075 ) ) ;
#552 = AXIS2_PLACEMENT_3D ( 'NONE', #1796, #419, #738 ) ;
#553 = SURFACE_STYLE_FILL_AREA ( #885 ) ;
#554 = CARTESIAN_POINT ( 'NONE',  ( 0.2362204724409455725, 0.1181102362204727863, -0.03845205475134409745 ) ) ;
#555 = CARTESIAN_POINT ( 'NONE',  ( 0.01771653543307713519, -1.416607735924189571E-14, -0.03346456692913386127 ) ) ;
#556 = DIRECTION ( 'NONE',  ( 0.4547769889160057089, 0.8906053505074461585, 0.0000000000000000000 ) ) ;
#557 = ORIENTED_EDGE ( 'NONE', *, *, #1639, .F. ) ;
#558 = LINE ( 'NONE', #1355, #716 ) ;
#559 =( LENGTH_UNIT ( ) NAMED_UNIT ( * ) SI_UNIT ( $, .METRE. ) );
#560 = PLANE ( 'NONE',  #1649 ) ;
#561 = EDGE_LOOP ( 'NONE', ( #1567, #898 ) ) ;
#562 = EDGE_CURVE ( 'NONE', #152, #374, #500, .T. ) ;
#563 = CARTESIAN_POINT ( 'NONE',  ( -0.2362204724409455725, 0.1181102362204727863, -0.03845205475134409745 ) ) ;
#564 = CARTESIAN_POINT ( 'NONE',  ( -0.04833305445244093917, 0.01062992125984252301, -0.03169291338582677642 ) ) ;
#565 = ORIENTED_EDGE ( 'NONE', *, *, #785, .F. ) ;
#566 = CARTESIAN_POINT ( 'NONE',  ( -0.05341766554303150477, -0.006829609853681103612, -0.03148818897637795794 ) ) ;
#567 = ORIENTED_EDGE ( 'NONE', *, *, #638, .F. ) ;
#568 = CARTESIAN_POINT ( 'NONE',  ( 0.2125984251968506822, -0.1062992125984253411, -0.04330708661417356081 ) ) ;
#569 = EDGE_CURVE ( 'NONE', #1549, #283, #1618, .T. ) ;
#570 = CARTESIAN_POINT ( 'NONE',  ( -4.574209376065918268E-15, 0.01771653543307100814, -0.03346456692913381964 ) ) ;
#571 = ORIENTED_EDGE ( 'NONE', *, *, #1340, .F. ) ;
#572 = EDGE_CURVE ( 'NONE', #983, #152, #1418, .T. ) ;
#573 = CARTESIAN_POINT ( 'NONE',  ( -0.02755905511811023931, 0.006692913385826774163, -0.03149606299212598381 ) ) ;
#574 = DIRECTION ( 'NONE',  ( -0.0000000000000000000, -0.0000000000000000000, -1.000000000000000000 ) ) ;
#575 = APPLICATION_PROTOCOL_DEFINITION ( 'draft international standard', 'automotive_design', 1998, #576 ) ;
#576 = APPLICATION_CONTEXT ( 'automotive_design' ) ;
#577 = LINE ( 'NONE', #1778, #391 ) ;
#578 = VECTOR ( 'NONE', #456, 39.37007874015748143 ) ;
#579 = STYLED_ITEM ( 'NONE', ( #1958 ), #1790 ) ;
#580 = COLOUR_RGB ( '',0.03921568627450980338, 0.05098039215686274439, 0.05098039215686274439 ) ;
#581 = ORIENTED_EDGE ( 'NONE', *, *, #1580, .F. ) ;
#582 = DIRECTION ( 'NONE',  ( 0.0000000000000000000, 1.000000000000000000, 0.0000000000000000000 ) ) ;
#583 = CARTESIAN_POINT ( 'NONE',  ( -0.05914920967622049053, -0.0003294233129598032753, -0.03189763779527559490 ) ) ;
#584 = CARTESIAN_POINT ( 'NONE',  ( -0.05704473112278027336, -0.008398950273900369912, -0.03188976377952756902 ) ) ;
#585 = AXIS2_PLACEMENT_3D ( 'NONE', #1885, #512, #1743 ) ;
#586 = CARTESIAN_POINT ( 'NONE',  ( 0.03465639868257023443, -0.01968503937006300594, -0.03346456692913386821 ) ) ;
#587 = B_SPLINE_CURVE_WITH_KNOTS ( 'NONE', 3,
 ( #1666, #698, #1511, #1966, #586, #1923 ),
 .UNSPECIFIED., .F., .F.,
 ( 4, 2, 4 ),
 ( 0.5000000000913019660, 0.7500000000000000000, 1.000000000000000000 ),
 .UNSPECIFIED. ) ;
#588 = CARTESIAN_POINT ( 'NONE',  ( 0.03937007874627541926, -0.05511811023623006123, -0.03346456692913381270 ) ) ;
#589 =( NAMED_UNIT ( * ) PLANE_ANGLE_UNIT ( ) SI_UNIT ( $, .RADIAN. ) );
#590 = DIRECTION ( 'NONE',  ( 0.0000000000000000000, 0.0000000000000000000, -1.000000000000000000 ) ) ;
#591 = ORIENTED_EDGE ( 'NONE', *, *, #390, .T. ) ;
#592 = CARTESIAN_POINT ( 'NONE',  ( 0.0000000000000000000, 0.1181102362204727863, -0.03845205475134411133 ) ) ;
#593 = DIRECTION ( 'NONE',  ( 0.2001233901927031433, 0.9797707021021699880, 0.0000000000000000000 ) ) ;
#594 = ORIENTED_EDGE ( 'NONE', *, *, #55, .F. ) ;
#595 = DIMENSIONAL_EXPONENTS ( 1.000000000000000000, 0.0000000000000000000, 0.0000000000000000000, 0.0000000000000000000, 0.0000000000000000000, 0.0000000000000000000, 0.0000000000000000000 ) ;
#596 = CARTESIAN_POINT ( 'NONE',  ( -0.04787637053708661966, 0.006804705709314962971, -0.03149606299212599075 ) ) ;
#597 = CARTESIAN_POINT ( 'NONE',  ( 0.03937007874015747977, -0.03740157480314960925, -0.1535433070866141780 ) ) ;
#598 = DIRECTION ( 'NONE',  ( -1.000000000000000000, 0.0000000000000000000, 0.0000000000000000000 ) ) ;
#599 = EDGE_CURVE ( 'NONE', #1788, #1104, #1072, .T. ) ;
#600 = ORIENTED_EDGE ( 'NONE', *, *, #1351, .T. ) ;
#601 = ORIENTED_EDGE ( 'NONE', *, *, #1507, .F. ) ;
#602 = CARTESIAN_POINT ( 'NONE',  ( -0.05515065572137793637, -0.002037884131490157961, -0.03149606299212599075 ) ) ;
#603 = SURFACE_SIDE_STYLE ('',( #1219 ) ) ;
#604 =( CONVERSION_BASED_UNIT ( 'INCH', #1519 ) LENGTH_UNIT ( ) NAMED_UNIT ( #1515 ) );
#605 = ORIENTED_EDGE ( 'NONE', *, *, #160, .T. ) ;
#606 = CARTESIAN_POINT ( 'NONE',  ( 0.0000000000000000000, -0.1131806124677231656, -0.04330708661417347755 ) ) ;
#607 = VERTEX_POINT ( 'NONE', #36 ) ;
#608 = AXIS2_PLACEMENT_3D ( 'NONE', #1117, #1907, #341 ) ;
#609 = ORIENTED_EDGE ( 'NONE', *, *, #1174, .F. ) ;
#610 = PRESENTATION_LAYER_ASSIGNMENT (  '', '', ( #359 ) ) ;
#611 = EDGE_CURVE ( 'NONE', #1669, #374, #635, .T. ) ;
#612 = VECTOR ( 'NONE', #1442, 39.37007874015748143 ) ;
#613 =( LENGTH_UNIT ( ) NAMED_UNIT ( * ) SI_UNIT ( $, .METRE. ) );
#614 = SURFACE_STYLE_FILL_AREA ( #15 ) ;
#615 = MECHANICAL_DESIGN_GEOMETRIC_PRESENTATION_REPRESENTATION (  '', ( #1900 ), #1586 ) ;
#616 = VERTEX_POINT ( 'NONE', #1750 ) ;
#617 = DIRECTION ( 'NONE',  ( 0.0000000000000000000, 7.807601151850405563E-20, -1.000000000000000000 ) ) ;
#618 = EDGE_CURVE ( 'NONE', #337, #951, #1863, .T. ) ;
#619 = LINE ( 'NONE', #322, #741 ) ;
#620 = AXIS2_PLACEMENT_3D ( 'NONE', #1093, #1064, #1410 ) ;
#621 = EDGE_LOOP ( 'NONE', ( #1353, #1604, #540, #1974 ) ) ;
#622 = DIRECTION ( 'NONE',  ( -0.0000000000000000000, 1.000000000000000000, 0.0000000000000000000 ) ) ;
#623 = DIRECTION ( 'NONE',  ( 0.0000000000000000000, 1.000000000000000000, 0.0000000000000000000 ) ) ;
#624 = ADVANCED_FACE ( 'NONE', ( #1890 ), #1106, .F. ) ;
#625 = ORIENTED_EDGE ( 'NONE', *, *, #1580, .T. ) ;
#626 = CARTESIAN_POINT ( 'NONE',  ( -0.1102362204724409434, 1.350004345516767288E-17, 0.05118110236220473758 ) ) ;
#627 = CARTESIAN_POINT ( 'NONE',  ( -0.05905511811023622659, -0.002493438007324803255, -0.03169291338582677642 ) ) ;
#628 = SURFACE_STYLE_USAGE ( .BOTH. , #1110 ) ;
#629 = CARTESIAN_POINT ( 'NONE',  ( 0.03937007874015747977, -0.03740157480314960925, -0.03346456692913386127 ) ) ;
#630 = ORIENTED_EDGE ( 'NONE', *, *, #1662, .F. ) ;
#631 = CARTESIAN_POINT ( 'NONE',  ( -0.05436421519316265299, -0.005118110248152628154, -0.03188976377952756208 ) ) ;
#632 = DIRECTION ( 'NONE',  ( 0.0000000000000000000, 0.0000000000000000000, 1.000000000000000000 ) ) ;
#633 = EDGE_LOOP ( 'NONE', ( #915, #1943 ) ) ;
#634 = DIRECTION ( 'NONE',  ( -0.0000000000000000000, -0.0000000000000000000, -1.000000000000000000 ) ) ;
#635 = LINE ( 'NONE', #657, #1898 ) ;
#636 = CARTESIAN_POINT ( 'NONE',  ( 0.0000000000000000000, -0.1181102362204727724, -0.03149606299212599075 ) ) ;
#637 = PLANE ( 'NONE',  #1375 ) ;
#638 = EDGE_CURVE ( 'NONE', #1799, #1438, #292, .T. ) ;
#639 =( NAMED_UNIT ( * ) SI_UNIT ( $, .STERADIAN. ) SOLID_ANGLE_UNIT ( ) );
#640 = UNCERTAINTY_MEASURE_WITH_UNIT (LENGTH_MEASURE( 1.000000000000000082E-05 ), #1513, 'distance_accuracy_value', 'NONE');
#641 =( NAMED_UNIT ( * ) SI_UNIT ( $, .STERADIAN. ) SOLID_ANGLE_UNIT ( ) );
#642 = CARTESIAN_POINT ( 'NONE',  ( 0.1889763779527554033, 0.09448818897637770164, -0.03845205475134421541 ) ) ;
#643 = ORIENTED_EDGE ( 'NONE', *, *, #531, .T. ) ;
#644 = CARTESIAN_POINT ( 'NONE',  ( -0.05905511811023622659, -0.002963605766869684740, -0.03189763779527559490 ) ) ;
#645 = CARTESIAN_POINT ( 'NONE',  ( 0.04859952216823086590, 0.02156798179823343070, -0.03346456692913386127 ) ) ;
#646 = CARTESIAN_POINT ( 'NONE',  ( 0.009229443428065788046, -0.01583359300490198157, -0.03346456692913386821 ) ) ;
#647 = AXIS2_PLACEMENT_3D ( 'NONE', #1860, #336, #65 ) ;
#648 =( NAMED_UNIT ( * ) SI_UNIT ( $, .STERADIAN. ) SOLID_ANGLE_UNIT ( ) );
#649 = AXIS2_PLACEMENT_3D ( 'NONE', #1399, #172, #140 ) ;
#650 = VERTEX_POINT ( 'NONE', #1636 ) ;
#651 = AXIS2_PLACEMENT_3D ( 'NONE', #1455, #1758, #1733 ) ;
#652 = FACE_BOUND ( 'NONE', #561, .T. ) ;
#653 = CARTESIAN_POINT ( 'NONE',  ( -0.02755905511811023931, 0.0000000000000000000, -0.03149606299212598381 ) ) ;
#654 = ORIENTED_EDGE ( 'NONE', *, *, #305, .F. ) ;
#655 = CARTESIAN_POINT ( 'NONE',  ( -0.05436421521248612637, -0.01102362203627874244, -0.03188976377952756902 ) ) ;
#656 = UNCERTAINTY_MEASURE_WITH_UNIT (LENGTH_MEASURE( 1.000000000000000082E-05 ), #395, 'distance_accuracy_value', 'NONE');
#657 = CARTESIAN_POINT ( 'NONE',  ( -0.05570447315850393655, -0.009711286167462600608, -0.03188976377952756208 ) ) ;
#658 = DIRECTION ( 'NONE',  ( 0.9797707077147015386, 0.2001233627146838390, 0.0000000000000000000 ) ) ;
#659 = SURFACE_SIDE_STYLE ('',( #72 ) ) ;
#660 = EDGE_CURVE ( 'NONE', #1318, #1345, #1555, .T. ) ;
#661 = EDGE_CURVE ( 'NONE', #1582, #145, #1029, .T. ) ;
#662 = DIRECTION ( 'NONE',  ( -0.4547771179095891347, 0.8906052846384011623, 0.0000000000000000000 ) ) ;
#663 = CARTESIAN_POINT ( 'NONE',  ( 0.0000000000000000000, 0.09448818897637763226, -0.03149606299212597688 ) ) ;
#664 = VERTEX_POINT ( 'NONE', #86 ) ;
#665 = LINE ( 'NONE', #1276, #1866 ) ;
#666 = CARTESIAN_POINT ( 'NONE',  ( 0.0000000000000000000, -0.09448818897637763226, -0.03149606299212597688 ) ) ;
#667 = CARTESIAN_POINT ( 'NONE',  ( 0.01582552127046241500, -0.009221371671994500752, -0.03346456692913386821 ) ) ;
#668 = EDGE_LOOP ( 'NONE', ( #557, #1155, #220, #918 ) ) ;
#669 = DIRECTION ( 'NONE',  ( -1.000000000000000000, 0.0000000000000000000, 0.0000000000000000000 ) ) ;
#670 = DIMENSIONAL_EXPONENTS ( 1.000000000000000000, 0.0000000000000000000, 0.0000000000000000000, 0.0000000000000000000, 0.0000000000000000000, 0.0000000000000000000, 0.0000000000000000000 ) ;
#671 = PLANE ( 'NONE',  #647 ) ;
#672 = ORIENTED_EDGE ( 'NONE', *, *, #865, .F. ) ;
#673 = DIRECTION ( 'NONE',  ( -0.8373790012339662470, -0.5466227293960660427, 0.0000000000000000000 ) ) ;
#674 = EDGE_CURVE ( 'NONE', #1832, #99, #1930, .T. ) ;
#675 = FACE_OUTER_BOUND ( 'NONE', #1640, .T. ) ;
#676 = PLANE ( 'NONE',  #999 ) ;
#677 = CARTESIAN_POINT ( 'NONE',  ( -0.05478649075354331127, 0.008454678163338584171, -0.03148818897637795794 ) ) ;
#678 = AXIS2_PLACEMENT_3D ( 'NONE', #1134, #1763, #1748 ) ;
#679 = VECTOR ( 'NONE', #118, 39.37007874015748143 ) ;
#680 = UNCERTAINTY_MEASURE_WITH_UNIT (LENGTH_MEASURE( 1.000000000000000082E-05 ), #1049, 'distance_accuracy_value', 'NONE');
#681 = ORIENTED_EDGE ( 'NONE', *, *, #1050, .T. ) ;
#682 = VECTOR ( 'NONE', #100, 39.37007874015748143 ) ;
#683 = VECTOR ( 'NONE', #1550, 39.37007874015748143 ) ;
#684 = CARTESIAN_POINT ( 'NONE',  ( 0.0000000000000000000, 0.1131806124677231656, -0.04330708661417347755 ) ) ;
#685 = ORIENTED_EDGE ( 'NONE', *, *, #303, .T. ) ;
#686 = LINE ( 'NONE', #1617, #1298 ) ;
#687 = CARTESIAN_POINT ( 'NONE',  ( 0.0000000000000000000, -0.09448818897637761838, -0.03845205475134422235 ) ) ;
#688 = ADVANCED_FACE ( 'NONE', ( #1816 ), #1054, .F. ) ;
#689 = FACE_OUTER_BOUND ( 'NONE', #1170, .T. ) ;
#690 = VERTEX_POINT ( 'NONE', #1692 ) ;
#691 = CARTESIAN_POINT ( 'NONE',  ( 0.0000000000000000000, 0.1181102362204727724, -0.03149606299212599075 ) ) ;
#692 = ORIENTED_EDGE ( 'NONE', *, *, #1938, .T. ) ;
#693 = SURFACE_STYLE_USAGE ( .BOTH. , #1342 ) ;
#694 = CARTESIAN_POINT ( 'NONE',  ( 0.1889763779527554033, 0.09448818897637770164, -0.03845205475134421541 ) ) ;
#695 = LINE ( 'NONE', #564, #1583 ) ;
#696 = CYLINDRICAL_SURFACE ( 'NONE', #47, 0.008858267716535431213 ) ;
#697 = UNCERTAINTY_MEASURE_WITH_UNIT (LENGTH_MEASURE( 1.000000000000000082E-05 ), #1564, 'distance_accuracy_value', 'NONE');
#698 = CARTESIAN_POINT ( 'NONE',  ( 0.02164783572193442265, -0.03273173584908088685, -0.03346456692913386821 ) ) ;
#699 = EDGE_CURVE ( 'NONE', #1643, #1477, #438, .T. ) ;
#700 = EDGE_CURVE ( 'NONE', #283, #1549, #1868, .T. ) ;
#701 = CARTESIAN_POINT ( 'NONE',  ( -0.2125984251968506822, 0.1062992125984253411, -0.04330708661417356081 ) ) ;
#702 = ORIENTED_EDGE ( 'NONE', *, *, #875, .F. ) ;
#703 = CARTESIAN_POINT ( 'NONE',  ( -0.01582552126905917983, 0.009221371675293778269, -0.03346456692913386821 ) ) ;
#704 = DIRECTION ( 'NONE',  ( -0.0000000000000000000, -0.0000000000000000000, -1.000000000000000000 ) ) ;
#705 = EDGE_LOOP ( 'NONE', ( #1634, #153, #818, #156 ) ) ;
#706 = CARTESIAN_POINT ( 'NONE',  ( -0.05859881060960629717, 0.002993338942755905795, -0.03149606299212598381 ) ) ;
#707 = ORIENTED_EDGE ( 'NONE', *, *, #417, .T. ) ;
#708 =( GEOMETRIC_REPRESENTATION_CONTEXT ( 3 ) GLOBAL_UNCERTAINTY_ASSIGNED_CONTEXT ( ( #851 ) ) GLOBAL_UNIT_ASSIGNED_CONTEXT ( ( #604, #1672, #144 ) ) REPRESENTATION_CONTEXT ( 'NONE', 'WORKASPACE' ) );
#709 = LINE ( 'NONE', #1830, #836 ) ;
#710 = SURFACE_SIDE_STYLE ('',( #184 ) ) ;
#711 = AXIS2_PLACEMENT_3D ( 'NONE', #143, #1518, #1845 ) ;
#712 = LINE ( 'NONE', #267, #1274 ) ;
#713 = EDGE_CURVE ( 'NONE', #1723, #755, #1002, .T. ) ;
#714 = MECHANICAL_DESIGN_GEOMETRIC_PRESENTATION_REPRESENTATION (  '', ( #1965 ), #869 ) ;
#715 = DIRECTION ( 'NONE',  ( 0.9713211669576410356, -0.2377712989829644519, 0.0000000000000000000 ) ) ;
#716 = VECTOR ( 'NONE', #882, 39.37007874015748143 ) ;
#717 = ORIENTED_EDGE ( 'NONE', *, *, #1571, .F. ) ;
#718 = FILL_AREA_STYLE ('',( #1044 ) ) ;
#719 = CARTESIAN_POINT ( 'NONE',  ( -0.01771653543307713519, 1.416595778509129561E-14, -0.03346456692913386821 ) ) ;
#720 = ORIENTED_EDGE ( 'NONE', *, *, #638, .T. ) ;
#721 = PLANE ( 'NONE',  #649 ) ;
#722 = EDGE_CURVE ( 'NONE', #1425, #337, #1062, .T. ) ;
#723 = CARTESIAN_POINT ( 'NONE',  ( -0.02755905511811023931, 0.008661417322834645549, -0.03188976377952756208 ) ) ;
#724 = ORIENTED_EDGE ( 'NONE', *, *, #713, .F. ) ;
#725 = ADVANCED_FACE ( 'NONE', ( #1702 ), #27, .F. ) ;
#726 = CARTESIAN_POINT ( 'NONE',  ( 0.1988356254582549221, -0.09941781272912746104, -0.04330708661417365102 ) ) ;
#727 = LINE ( 'NONE', #1354, #450 ) ;
#728 = CARTESIAN_POINT ( 'NONE',  ( 0.03937007874627545395, 0.01968503937007231447, -0.03346456692913381270 ) ) ;
#729 = LENGTH_MEASURE_WITH_UNIT ( LENGTH_MEASURE( 0.02539999999999999897 ), #1067 );
#730 =( LENGTH_UNIT ( ) NAMED_UNIT ( * ) SI_UNIT ( $, .METRE. ) );
#731 = ORIENTED_EDGE ( 'NONE', *, *, #1473, .F. ) ;
#732 = SURFACE_SIDE_STYLE ('',( #553 ) ) ;
#733 = SURFACE_SIDE_STYLE ('',( #154 ) ) ;
#734 = LINE ( 'NONE', #1386, #863 ) ;
#735 = EDGE_CURVE ( 'NONE', #1474, #1063, #1330, .T. ) ;
#736 = DIMENSIONAL_EXPONENTS ( 1.000000000000000000, 0.0000000000000000000, 0.0000000000000000000, 0.0000000000000000000, 0.0000000000000000000, 0.0000000000000000000, 0.0000000000000000000 ) ;
#737 = ORIENTED_EDGE ( 'NONE', *, *, #819, .F. ) ;
#738 = DIRECTION ( 'NONE',  ( -0.004320744608332847264, 0.9999906655394487087, 0.0000000000000000000 ) ) ;
#739 = VECTOR ( 'NONE', #279, 39.37007874015748143 ) ;
#740 = SURFACE_STYLE_USAGE ( .BOTH. , #1213 ) ;
#741 = VECTOR ( 'NONE', #1222, 39.37007874015748143 ) ;
#742 = VECTOR ( 'NONE', #1156, 39.37007874015748143 ) ;
#743 = AXIS2_PLACEMENT_3D ( 'NONE', #219, #1341, #1009 ) ;
#744 = ORIENTED_EDGE ( 'NONE', *, *, #1654, .F. ) ;
#745 = AXIS2_PLACEMENT_3D ( 'NONE', #401, #800, #1632 ) ;
#746 = CARTESIAN_POINT ( 'NONE',  ( 0.0000000000000000000, 0.1062992125984253550, -0.04330708661417356775 ) ) ;
#747 = AXIS2_PLACEMENT_3D ( 'NONE', #1853, #1414, #936 ) ;
#748 = CYLINDRICAL_SURFACE ( 'NONE', #169, 0.1102362204724409434 ) ;
#749 = VECTOR ( 'NONE', #280, 39.37007874015748854 ) ;
#750 = EDGE_CURVE ( 'NONE', #542, #283, #1229, .T. ) ;
#751 = CARTESIAN_POINT ( 'NONE',  ( 0.02165354330706954766, -0.03740157480314961619, -0.03149606299212596994 ) ) ;
#752 = CARTESIAN_POINT ( 'NONE',  ( -0.04787637053708661966, 0.006804705709314962971, -0.03189763779527559490 ) ) ;
#753 = CARTESIAN_POINT ( 'NONE',  ( 0.03051181102362204856, -0.03740157480314960925, -0.1535433070866141780 ) ) ;
#754 = ORIENTED_EDGE ( 'NONE', *, *, #884, .F. ) ;
#755 = VERTEX_POINT ( 'NONE', #1075 ) ;
#756 = CARTESIAN_POINT ( 'NONE',  ( -0.05503434412122047009, 0.0000000000000000000, -0.03149606299212598381 ) ) ;
#757 = CARTESIAN_POINT ( 'NONE',  ( -0.04833305445244055754, -0.009055118110232979883, -0.03149606299212599075 ) ) ;
#758 = VERTEX_POINT ( 'NONE', #300 ) ;
#759 = DIRECTION ( 'NONE',  ( 1.410823185726665631E-36, -1.000000000000000000, -7.807601151850407971E-20 ) ) ;
#760 = DIRECTION ( 'NONE',  ( 1.000000000000000000, 0.0000000000000000000, 0.0000000000000000000 ) ) ;
#761 =( NAMED_UNIT ( * ) SI_UNIT ( $, .STERADIAN. ) SOLID_ANGLE_UNIT ( ) );
#762 =( LENGTH_UNIT ( ) NAMED_UNIT ( * ) SI_UNIT ( $, .METRE. ) );
#763 = ORIENTED_EDGE ( 'NONE', *, *, #772, .T. ) ;
#764 = ADVANCED_FACE ( 'NONE', ( #886 ), #354, .T. ) ;
#765 = PRESENTATION_STYLE_ASSIGNMENT (( #1362 ) ) ;
#766 = CARTESIAN_POINT ( 'NONE',  ( -0.05369408604667325058, -0.006102362204724411099, -0.03188976377952756208 ) ) ;
#767 = ORIENTED_EDGE ( 'NONE', *, *, #958, .F. ) ;
#768 = CYLINDRICAL_SURFACE ( 'NONE', #1561, 0.1181102362204724532 ) ;
#769 = CARTESIAN_POINT ( 'NONE',  ( 0.04822834645669292486, -0.03740157480314960925, -0.03346456692913386127 ) ) ;
#770 = CARTESIAN_POINT ( 'NONE',  ( -0.05126142345976378994, -0.01254269706318503902, -0.03149606299212598381 ) ) ;
#771 =( NAMED_UNIT ( * ) PLANE_ANGLE_UNIT ( ) SI_UNIT ( $, .RADIAN. ) );
#772 = EDGE_CURVE ( 'NONE', #1421, #4, #916, .T. ) ;
#773 = AXIS2_PLACEMENT_3D ( 'NONE', #1876, #501, #1594 ) ;
#774 = VERTEX_POINT ( 'NONE', #1721 ) ;
#775 = VECTOR ( 'NONE', #1115, 39.37007874015748143 ) ;
#776 = STYLED_ITEM ( 'NONE', ( #362 ), #537 ) ;
#777 = FILL_AREA_STYLE ('',( #467 ) ) ;
#778 = DIRECTION ( 'NONE',  ( -0.004320744608332847264, 0.9999906655394487087, 0.0000000000000000000 ) ) ;
#779 = VECTOR ( 'NONE', #1441, 39.37007874015748143 ) ;
#780 = ORIENTED_EDGE ( 'NONE', *, *, #1534, .T. ) ;
#781 = AXIS2_PLACEMENT_3D ( 'NONE', #899, #398, #415 ) ;
#782 = CARTESIAN_POINT ( 'NONE',  ( 0.04405374479941865512, -0.01968503937007875029, -0.03346456692913386127 ) ) ;
#783 = FACE_OUTER_BOUND ( 'NONE', #959, .T. ) ;
#784 = ORIENTED_EDGE ( 'NONE', *, *, #80, .F. ) ;
#785 = EDGE_CURVE ( 'NONE', #664, #1237, #1872, .T. ) ;
#786 = PLANE ( 'NONE',  #747 ) ;
#787 = ORIENTED_EDGE ( 'NONE', *, *, #494, .F. ) ;
#788 = DIRECTION ( 'NONE',  ( -1.000000000000000000, 0.0000000000000000000, 0.0000000000000000000 ) ) ;
#789 = ADVANCED_FACE ( 'NONE', ( #1576 ), #203, .T. ) ;
#790 = CARTESIAN_POINT ( 'NONE',  ( 0.0000000000000000000, 0.0000000000000000000, 0.05118110236220473758 ) ) ;
#791 = LINE ( 'NONE', #304, #166 ) ;
#792 = FILL_AREA_STYLE_COLOUR ( '', #139 ) ;
#793 = VERTEX_POINT ( 'NONE', #631 ) ;
#794 = DIRECTION ( 'NONE',  ( 0.0000000000000000000, 0.0000000000000000000, 1.000000000000000000 ) ) ;
#795 = ORIENTED_EDGE ( 'NONE', *, *, #1546, .F. ) ;
#796 = CARTESIAN_POINT ( 'NONE',  ( -0.05738067091614172666, 0.005707805046051181788, -0.03149606299212598381 ) ) ;
#797 = CARTESIAN_POINT ( 'NONE',  ( 0.1102362204724409572, -3.073858721201116817E-22, 0.04330708661417362326 ) ) ;
#798 = EDGE_CURVE ( 'NONE', #650, #1795, #1374, .T. ) ;
#799 = ORIENTED_EDGE ( 'NONE', *, *, #1279, .F. ) ;
#800 = DIRECTION ( 'NONE',  ( 0.0000000000000000000, 0.0000000000000000000, -1.000000000000000000 ) ) ;
#801 = SURFACE_STYLE_FILL_AREA ( #1272 ) ;
#802 = CARTESIAN_POINT ( 'NONE',  ( -0.1889763779527552923, -0.09448818897637764613, -0.03149606299212597688 ) ) ;
#803 = EDGE_LOOP ( 'NONE', ( #532, #1606, #1861, #223, #1854 ) ) ;
#804 = CARTESIAN_POINT ( 'NONE',  ( -0.05302395712671260919, 0.009317585614722441109, -0.03188976377952756902 ) ) ;
#805 = AXIS2_PLACEMENT_3D ( 'NONE', #181, #1535, #1674 ) ;
#806 = FACE_OUTER_BOUND ( 'NONE', #272, .T. ) ;
#807 = AXIS2_PLACEMENT_3D ( 'NONE', #14, #1508, #1671 ) ;
#808 = CARTESIAN_POINT ( 'NONE',  ( 0.03468641268932135674, -0.05511811023893186529, -0.03346456692913385433 ) ) ;
#809 = MECHANICAL_DESIGN_GEOMETRIC_PRESENTATION_REPRESENTATION (  '', ( #1807 ), #1006 ) ;
#810 = VECTOR ( 'NONE', #921, 39.37007874015748143 ) ;
#811 = CARTESIAN_POINT ( 'NONE',  ( -0.02755905511811023931, 0.006692913385826774163, -0.03188976377952756902 ) ) ;
#812 = SURFACE_STYLE_USAGE ( .BOTH. , #1281 ) ;
#813 = EDGE_LOOP ( 'NONE', ( #1060, #216 ) ) ;
#814 = DIRECTION ( 'NONE',  ( 0.0000000000000000000, -1.000000000000000000, 0.0000000000000000000 ) ) ;
#815 = LENGTH_MEASURE_WITH_UNIT ( LENGTH_MEASURE( 0.02539999999999999897 ), #333 );
#816 = DIRECTION ( 'NONE',  ( -1.000000000000000000, 0.0000000000000000000, 0.0000000000000000000 ) ) ;
#817 = CARTESIAN_POINT ( 'NONE',  ( 0.02165354330706462105, -0.03740157480313544697, -0.03346456692913386821 ) ) ;
#818 = ORIENTED_EDGE ( 'NONE', *, *, #1811, .T. ) ;
#819 = EDGE_CURVE ( 'NONE', #152, #1577, #1745, .T. ) ;
#820 = VERTEX_POINT ( 'NONE', #329 ) ;
#821 = DIRECTION ( 'NONE',  ( 0.9713211669576410356, -0.2377712989829644519, 0.0000000000000000000 ) ) ;
#822 =( NAMED_UNIT ( * ) PLANE_ANGLE_UNIT ( ) SI_UNIT ( $, .RADIAN. ) );
#823 =( NAMED_UNIT ( * ) SI_UNIT ( $, .STERADIAN. ) SOLID_ANGLE_UNIT ( ) );
#824 = EDGE_LOOP ( 'NONE', ( #571, #1451, #909, #1981 ) ) ;
#825 = EDGE_CURVE ( 'NONE', #664, #16, #1260, .T. ) ;
#826 = CARTESIAN_POINT ( 'NONE',  ( 0.0000000000000000000, -0.1062992125984253550, -0.04330708661417356775 ) ) ;
#827 = ORIENTED_EDGE ( 'NONE', *, *, #618, .T. ) ;
#828 = PLANE ( 'NONE',  #1199 ) ;
#829 = CARTESIAN_POINT ( 'NONE',  ( 0.2125984251968506822, 0.1062992125984253411, -0.04330708661417356081 ) ) ;
#830 = PLANE ( 'NONE',  #1068 ) ;
#831 = MECHANICAL_DESIGN_GEOMETRIC_PRESENTATION_REPRESENTATION (  '', ( #1398 ), #708 ) ;
#832 = PLANE ( 'NONE',  #262 ) ;
#833 = VECTOR ( 'NONE', #1192, 39.37007874015748143 ) ;
#834 = MECHANICAL_DESIGN_GEOMETRIC_PRESENTATION_REPRESENTATION (  '', ( #1716 ), #1336 ) ;
#835 = PRODUCT_DEFINITION_CONTEXT ( 'detailed design', #1951, 'design' ) ;
#836 = VECTOR ( 'NONE', #1512, 39.37007874015748854 ) ;
#837 = CARTESIAN_POINT ( 'NONE',  ( 0.0000000000000000000, 0.1181102362204727863, -0.03845205475134411133 ) ) ;
#838 = ORIENTED_EDGE ( 'NONE', *, *, #1867, .T. ) ;
#839 = CARTESIAN_POINT ( 'NONE',  ( 0.04822834645669291098, 0.03740157480314960925, -0.1535433070866141780 ) ) ;
#840 = CARTESIAN_POINT ( 'NONE',  ( -0.2362204724409455170, 0.1181102362204727585, -0.03149606299212599075 ) ) ;
#841 = PRESENTATION_STYLE_ASSIGNMENT (( #536 ) ) ;
#842 = ADVANCED_FACE ( 'NONE', ( #1587 ), #950, .T. ) ;
#843 = ORIENTED_EDGE ( 'NONE', *, *, #865, .T. ) ;
#844 = ORIENTED_EDGE ( 'NONE', *, *, #29, .T. ) ;
#845 = CARTESIAN_POINT ( 'NONE',  ( -0.05341766554303150477, -0.006829609853681103612, -0.03149606299212598381 ) ) ;
#846 = CARTESIAN_POINT ( 'NONE',  ( 0.2362204724409455170, 0.1181102362204727585, -0.03149606299212599075 ) ) ;
#847 = CARTESIAN_POINT ( 'NONE',  ( -0.2362204724409455170, -0.1181102362204727585, -0.03149606299212599075 ) ) ;
#848 = LINE ( 'NONE', #1922, #351 ) ;
#849 = CARTESIAN_POINT ( 'NONE',  ( -0.05101357013220527564, 0.006036746032595338707, -0.03169291338582677642 ) ) ;
#850 = ADVANCED_FACE ( 'NONE', ( #185 ), #786, .T. ) ;
#851 = UNCERTAINTY_MEASURE_WITH_UNIT (LENGTH_MEASURE( 1.000000000000000082E-05 ), #604, 'distance_accuracy_value', 'NONE');
#852 = ORIENTED_EDGE ( 'NONE', *, *, #1654, .T. ) ;
#853 = CARTESIAN_POINT ( 'NONE',  ( -0.05436421520128529444, 0.002755905511807079256, -0.03149606299212598381 ) ) ;
#854 = LINE ( 'NONE', #1428, #1005 ) ;
#855 = DIRECTION ( 'NONE',  ( -1.000000000000000000, 0.0000000000000000000, 0.0000000000000000000 ) ) ;
#856 = DIMENSIONAL_EXPONENTS ( 1.000000000000000000, 0.0000000000000000000, 0.0000000000000000000, 0.0000000000000000000, 0.0000000000000000000, 0.0000000000000000000, 0.0000000000000000000 ) ;
#857 = LINE ( 'NONE', #1361, #833 ) ;
#858 = CARTESIAN_POINT ( 'NONE',  ( 0.0000000000000000000, -0.1181102362204727863, -0.03845205475134411133 ) ) ;
#859 = DIRECTION ( 'NONE',  ( -0.8373790012339662470, -0.5466227293960661537, 0.0000000000000000000 ) ) ;
#860 = ORIENTED_EDGE ( 'NONE', *, *, #1248, .F. ) ;
#861 = B_SPLINE_CURVE_WITH_KNOTS ( 'NONE', 3,
 ( #1581, #808, #52, #1140, #209, #817 ),
 .UNSPECIFIED., .F., .F.,
 ( 4, 2, 4 ),
 ( 0.0000000000000000000, 0.2500000000000000000, 0.5000000000913019660 ),
 .UNSPECIFIED. ) ;
#862 = ORIENTED_EDGE ( 'NONE', *, *, #1767, .T. ) ;
#863 = VECTOR ( 'NONE', #1827, 39.37007874015748143 ) ;
#864 = CARTESIAN_POINT ( 'NONE',  ( -0.05101357013220549075, -0.008398950287680310642, -0.03169291338582677642 ) ) ;
#865 = EDGE_CURVE ( 'NONE', #1092, #1723, #1870, .T. ) ;
#866 = PRESENTATION_LAYER_ASSIGNMENT (  '', '', ( #579 ) ) ;
#867 = DIRECTION ( 'NONE',  ( 0.0000000000000000000, 0.0000000000000000000, 1.000000000000000000 ) ) ;
#868 = VECTOR ( 'NONE', #1777, 39.37007874015748143 ) ;
#869 =( GEOMETRIC_REPRESENTATION_CONTEXT ( 3 ) GLOBAL_UNCERTAINTY_ASSIGNED_CONTEXT ( ( #1358 ) ) GLOBAL_UNIT_ASSIGNED_CONTEXT ( ( #9, #771, #639 ) ) REPRESENTATION_CONTEXT ( 'NONE', 'WORKASPACE' ) );
#870 = ADVANCED_FACE ( 'NONE', ( #1709 ), #317, .T. ) ;
#871 = AXIS2_PLACEMENT_3D ( 'NONE', #122, #433, #138 ) ;
#872 = CARTESIAN_POINT ( 'NONE',  ( -0.2263612249354462758, -0.1131806124677231379, -0.04330708661417347755 ) ) ;
#873 = VECTOR ( 'NONE', #821, 39.37007874015748854 ) ;
#874 = VERTEX_POINT ( 'NONE', #1201 ) ;
#875 = EDGE_CURVE ( 'NONE', #1503, #820, #131, .T. ) ;
#876 = B_SPLINE_CURVE_WITH_KNOTS ( 'NONE', 3,
 ( #1857, #448, #1065, #1256, #481, #1976 ),
 .UNSPECIFIED., .F., .F.,
 ( 4, 2, 4 ),
 ( 0.5000000000913010778, 0.7500000000000001110, 1.000000000000000000 ),
 .UNSPECIFIED. ) ;
#877 = CARTESIAN_POINT ( 'NONE',  ( -4.574209376065918268E-15, 0.01771653543307100814, -0.03346456692913381964 ) ) ;
#878 = CARTESIAN_POINT ( 'NONE',  ( 0.01583359300755707300, 0.009229443423511131048, -0.03346456692913385433 ) ) ;
#879 = ORIENTED_EDGE ( 'NONE', *, *, #1011, .F. ) ;
#880 = LINE ( 'NONE', #849, #908 ) ;
#881 = VERTEX_POINT ( 'NONE', #103 ) ;
#882 = DIRECTION ( 'NONE',  ( -0.0000000000000000000, -0.0000000000000000000, -1.000000000000000000 ) ) ;
#883 = CARTESIAN_POINT ( 'NONE',  ( 0.0000000000000000000, 0.0000000000000000000, 0.03543307086614174567 ) ) ;
#884 = EDGE_CURVE ( 'NONE', #16, #1582, #712, .T. ) ;
#885 = FILL_AREA_STYLE ('',( #259 ) ) ;
#886 = FACE_OUTER_BOUND ( 'NONE', #1852, .T. ) ;
#887 = DIRECTION ( 'NONE',  ( 0.0000000000000000000, 0.0000000000000000000, -1.000000000000000000 ) ) ;
#888 = EDGE_LOOP ( 'NONE', ( #446, #1216, #28, #567, #1737 ) ) ;
#889 = CARTESIAN_POINT ( 'NONE',  ( 0.03468641268932413924, 0.01968503936738309062, -0.03346456692913385433 ) ) ;
#890 = DIMENSIONAL_EXPONENTS ( 1.000000000000000000, 0.0000000000000000000, 0.0000000000000000000, 0.0000000000000000000, 0.0000000000000000000, 0.0000000000000000000, 0.0000000000000000000 ) ;
#891 = FACE_OUTER_BOUND ( 'NONE', #824, .T. ) ;
#892 = EDGE_LOOP ( 'NONE', ( #48, #609, #271, #360 ) ) ;
#893 = ORIENTED_EDGE ( 'NONE', *, *, #1448, .T. ) ;
#894 = CARTESIAN_POINT ( 'NONE',  ( 0.0000000000000000000, 0.09448818897637761838, -0.03845205475134422235 ) ) ;
#895 = ADVANCED_FACE ( 'NONE', ( #1786 ), #443, .T. ) ;
#896 = PRESENTATION_STYLE_ASSIGNMENT (( #1242 ) ) ;
#897 = FACE_OUTER_BOUND ( 'NONE', #121, .T. ) ;
#898 = ORIENTED_EDGE ( 'NONE', *, *, #64, .F. ) ;
#899 = CARTESIAN_POINT ( 'NONE',  ( 0.0000000000000000000, 0.0000000000000000000, 0.03543307086614171791 ) ) ;
#900 = DIRECTION ( 'NONE',  ( 1.000000000000000000, 0.0000000000000000000, 0.0000000000000000000 ) ) ;
#901 = DIRECTION ( 'NONE',  ( -1.000000000000000000, 0.0000000000000000000, 0.0000000000000000000 ) ) ;
#902 = AXIS2_PLACEMENT_3D ( 'NONE', #1849, #168, #1057 ) ;
#903 = VECTOR ( 'NONE', #1475, 39.37007874015748143 ) ;
#904 = ORIENTED_EDGE ( 'NONE', *, *, #26, .T. ) ;
#905 = PRESENTATION_LAYER_ASSIGNMENT (  '', '', ( #1807 ) ) ;
#906 = CARTESIAN_POINT ( 'NONE',  ( 0.05708661417324541881, -0.03740157480314960925, -0.03149606299212596300 ) ) ;
#907 = CARTESIAN_POINT ( 'NONE',  ( -0.05302395689205909035, 0.004724409448826954495, -0.03169291338582677642 ) ) ;
#908 = VECTOR ( 'NONE', #96, 39.37007874015748143 ) ;
#909 = ORIENTED_EDGE ( 'NONE', *, *, #1449, .T. ) ;
#910 = DIRECTION ( 'NONE',  ( 0.2473831898960702491, -0.9689177247614190192, 0.0000000000000000000 ) ) ;
#911 = EDGE_CURVE ( 'NONE', #1331, #141, #260, .T. ) ;
#912 = DIRECTION ( 'NONE',  ( 0.0000000000000000000, 1.000000000000000000, 0.0000000000000000000 ) ) ;
#913 =( NAMED_UNIT ( * ) PLANE_ANGLE_UNIT ( ) SI_UNIT ( $, .RADIAN. ) );
#914 = FILL_AREA_STYLE_COLOUR ( '', #1932 ) ;
#915 = ORIENTED_EDGE ( 'NONE', *, *, #700, .T. ) ;
#916 = LINE ( 'NONE', #1727, #461 ) ;
#917 =( LENGTH_UNIT ( ) NAMED_UNIT ( * ) SI_UNIT ( $, .METRE. ) );
#918 = ORIENTED_EDGE ( 'NONE', *, *, #1061, .F. ) ;
#919 = LINE ( 'NONE', #157, #232 ) ;
#920 = CARTESIAN_POINT ( 'NONE',  ( 0.0000000000000000000, -0.1062992125984253550, -0.04330708661417356775 ) ) ;
#921 = DIRECTION ( 'NONE',  ( -0.0000000000000000000, -1.000000000000000000, -0.0000000000000000000 ) ) ;
#922 = VERTEX_POINT ( 'NONE', #1945 ) ;
#923 = DIRECTION ( 'NONE',  ( -1.000000000000000000, -6.737527667299557022E-37, -2.167388928543064723E-16 ) ) ;
#924 = CARTESIAN_POINT ( 'NONE',  ( -0.05905511811023622659, -0.002493438007302158175, -0.03149606299212598381 ) ) ;
#925 = VERTEX_POINT ( 'NONE', #113 ) ;
#926 = CARTESIAN_POINT ( 'NONE',  ( 0.0000000000000000000, 0.0000000000000000000, -0.03149606299212599075 ) ) ;
#927 = DIRECTION ( 'NONE',  ( 0.0000000000000000000, 0.0000000000000000000, -1.000000000000000000 ) ) ;
#928 = FILL_AREA_STYLE ('',( #954 ) ) ;
#929 = FILL_AREA_STYLE ('',( #914 ) ) ;
#930 = ADVANCED_FACE ( 'NONE', ( #891 ), #201, .T. ) ;
#931 = EDGE_CURVE ( 'NONE', #92, #1878, #577, .T. ) ;
#932 = AXIS2_PLACEMENT_3D ( 'NONE', #1973, #1055, #3 ) ;
#933 = ORIENTED_EDGE ( 'NONE', *, *, #1964, .F. ) ;
#934 = CIRCLE ( 'NONE', #620, 0.1181102362204724532 ) ;
#935 = AXIS2_PLACEMENT_3D ( 'NONE', #249, #1949, #1941 ) ;
#936 = DIRECTION ( 'NONE',  ( 0.7145104988019645997, 0.6996247187612566476, 0.0000000000000000000 ) ) ;
#937 = DIRECTION ( 'NONE',  ( -1.000000000000000000, 0.0000000000000000000, 0.0000000000000000000 ) ) ;
#938 = PRODUCT_DEFINITION_FORMATION_WITH_SPECIFIED_SOURCE ( 'ANY', '', #1967, .NOT_KNOWN. ) ;
#939 = ORIENTED_EDGE ( 'NONE', *, *, #1520, .F. ) ;
#940 = LINE ( 'NONE', #796, #423 ) ;
#941 = TOROIDAL_SURFACE ( 'NONE', #173, 0.01771653543307219122, 0.001968503937007823248 ) ;
#942 = CARTESIAN_POINT ( 'NONE',  ( -0.05436421520131176632, 0.008661417322813827133, -0.03149606299212598381 ) ) ;
#943 = LENGTH_MEASURE_WITH_UNIT ( LENGTH_MEASURE( 0.02539999999999999897 ), #1096 );
#944 = VECTOR ( 'NONE', #1259, 39.37007874015748143 ) ;
#945 = B_SPLINE_CURVE_WITH_KNOTS ( 'NONE', 3,
 ( #112, #1820, #1335, #1066, #1936, #273 ),
 .UNSPECIFIED., .F., .F.,
 ( 4, 2, 4 ),
 ( 0.5000000000913024101, 0.7500000000000000000, 1.000000000000000000 ),
 .UNSPECIFIED. ) ;
#946 = ORIENTED_EDGE ( 'NONE', *, *, #875, .T. ) ;
#947 =( CONVERSION_BASED_UNIT ( 'INCH', #46 ) LENGTH_UNIT ( ) NAMED_UNIT ( #890 ) );
#948 = ADVANCED_FACE ( 'NONE', ( #409 ), #721, .F. ) ;
#949 =( BOUNDED_CURVE ( )  B_SPLINE_CURVE ( 3, ( #1080, #441, #1419, #920, #606, #293, #636 ),
 .UNSPECIFIED., .F., .T. ) 
 B_SPLINE_CURVE_WITH_KNOTS ( ( 4, 3, 4 ),
 ( 0.02126608872882561341, 0.5000000000000000000, 0.9787339112711658240 ),
 .UNSPECIFIED. ) 
 CURVE ( )  GEOMETRIC_REPRESENTATION_ITEM ( )  RATIONAL_B_SPLINE_CURVE ( ( 0.9743075028729875076, 0.7900785038902337076, 0.7986426695992379088, 1.000000000000000000, 0.7986426695992414615, 0.7900785038902340407, 0.9743075028729777376 ) ) 
 REPRESENTATION_ITEM ( '' )  );
#950 = PLANE ( 'NONE',  #1490 ) ;
#951 = VERTEX_POINT ( 'NONE', #296 ) ;
#952 = LINE ( 'NONE', #332, #683 ) ;
#953 =( LENGTH_UNIT ( ) NAMED_UNIT ( * ) SI_UNIT ( $, .METRE. ) );
#954 = FILL_AREA_STYLE_COLOUR ( '', #1240 ) ;
#955 = ORIENTED_EDGE ( 'NONE', *, *, #44, .F. ) ;
#956 = DIRECTION ( 'NONE',  ( 0.5627910658963617418, -0.8265991871198741237, 0.0000000000000000000 ) ) ;
#957 = CARTESIAN_POINT ( 'NONE',  ( 0.1181102362204724532, 0.0000000000000000000, -0.03149606299212598381 ) ) ;
#958 = EDGE_CURVE ( 'NONE', #758, #874, #1557, .T. ) ;
#959 = EDGE_LOOP ( 'NONE', ( #1360, #310, #1258, #1502 ) ) ;
#960 = CARTESIAN_POINT ( 'NONE',  ( 0.05708661417325033849, 0.03740157480313543309, -0.03346456692913386821 ) ) ;
#961 = CARTESIAN_POINT ( 'NONE',  ( -0.05402827543027559354, -0.01135256306381496154, -0.03149606299212598381 ) ) ;
#962 = SURFACE_STYLE_FILL_AREA ( #363 ) ;
#963 = ORIENTED_EDGE ( 'NONE', *, *, #1239, .F. ) ;
#964 = AXIS2_PLACEMENT_3D ( 'NONE', #278, #623, #439 ) ;
#965 = DIRECTION ( 'NONE',  ( 0.8265991871198743457, 0.5627910658963618529, 0.0000000000000000000 ) ) ;
#966 = CARTESIAN_POINT ( 'NONE',  ( 0.1988356254582549221, 0.09941781272912746104, -0.04330708661417365102 ) ) ;
#967 = VERTEX_POINT ( 'NONE', #753 ) ;
#968 = CARTESIAN_POINT ( 'NONE',  ( -0.05914920967622049053, -0.0003294233129598032753, -0.03149606299212598381 ) ) ;
#969 = DIRECTION ( 'NONE',  ( 0.9813591690599837714, 0.1921826769037686955, 0.0000000000000000000 ) ) ;
#970 =( CONVERSION_BASED_UNIT ( 'INCH', #1740 ) LENGTH_UNIT ( ) NAMED_UNIT ( #670 ) );
#971 = VECTOR ( 'NONE', #978, 39.37007874015748143 ) ;
#972 = CARTESIAN_POINT ( 'NONE',  ( -0.01771653543307713519, 1.416595778509129561E-14, -0.03346456692913386821 ) ) ;
#973 = STYLED_ITEM ( 'NONE', ( #1257 ), #1267 ) ;
#974 = ADVANCED_FACE ( 'NONE', ( #151 ), #171, .T. ) ;
#975 = ORIENTED_EDGE ( 'NONE', *, *, #611, .F. ) ;
#976 = LINE ( 'NONE', #368, #749 ) ;
#977 = ADVANCED_FACE ( 'NONE', ( #1687 ), #492, .F. ) ;
#978 = DIRECTION ( 'NONE',  ( -0.0000000000000000000, -1.000000000000000000, -0.0000000000000000000 ) ) ;
#979 = CARTESIAN_POINT ( 'NONE',  ( 0.0000000000000000000, 0.1062992125984253550, -0.04330708661417356775 ) ) ;
#980 = VERTEX_POINT ( 'NONE', #1754 ) ;
#981 = CARTESIAN_POINT ( 'NONE',  ( -0.05168369905217955196, -0.01233595798569674280, -0.03149606299212599075 ) ) ;
#982 = DIMENSIONAL_EXPONENTS ( 1.000000000000000000, 0.0000000000000000000, 0.0000000000000000000, 0.0000000000000000000, 0.0000000000000000000, 0.0000000000000000000, 0.0000000000000000000 ) ;
#983 = VERTEX_POINT ( 'NONE', #1152 ) ;
#984 = ORIENTED_EDGE ( 'NONE', *, *, #26, .F. ) ;
#985 = FILL_AREA_STYLE_COLOUR ( '', #1402 ) ;
#986 = CARTESIAN_POINT ( 'NONE',  ( 0.2362204724409455725, -0.1181102362204727863, -0.03845205475134409745 ) ) ;
#987 = ORIENTED_EDGE ( 'NONE', *, *, #217, .F. ) ;
#988 = DIRECTION ( 'NONE',  ( 1.000000000000000000, 0.0000000000000000000, 0.0000000000000000000 ) ) ;
#989 = CARTESIAN_POINT ( 'NONE',  ( -0.1889763779527554033, -0.09448818897637770164, -0.03845205475134421541 ) ) ;
#990 = CYLINDRICAL_SURFACE ( 'NONE', #284, 0.008858267716535431213 ) ;
#991 = CARTESIAN_POINT ( 'NONE',  ( 0.03937007874015747977, 0.03740157480314960925, -0.03346456692913386127 ) ) ;
#992 = LINE ( 'NONE', #1286, #1810 ) ;
#993 = B_SPLINE_CURVE_WITH_KNOTS ( 'NONE', 3,
 ( #1551, #782, #1411, #30, #1147, #373 ),
 .UNSPECIFIED., .F., .F.,
 ( 4, 2, 4 ),
 ( 0.0000000000000000000, 0.2500000000000001110, 0.5000000000913010778 ),
 .UNSPECIFIED. ) ;
#994 = ADVANCED_FACE ( 'NONE', ( #1144 ), #941, .T. ) ;
#995 = CARTESIAN_POINT ( 'NONE',  ( 0.2362204724409455725, 0.1181102362204727863, -0.03845205475134409745 ) ) ;
#996 = ORIENTED_EDGE ( 'NONE', *, *, #287, .F. ) ;
#997 = DIRECTION ( 'NONE',  ( -0.9813591334132629740, 0.1921828589296392109, 0.0000000000000000000 ) ) ;
#998 = CARTESIAN_POINT ( 'NONE',  ( -0.2125984251968506822, 0.1062992125984253411, -0.04330708661417356081 ) ) ;
#999 = AXIS2_PLACEMENT_3D ( 'NONE', #1317, #1501, #1950 ) ;
#1000 = DIRECTION ( 'NONE',  ( 0.0000000000000000000, 0.0000000000000000000, -1.000000000000000000 ) ) ;
#1001 = AXIS2_PLACEMENT_3D ( 'NONE', #1299, #1903, #41 ) ;
#1002 = CIRCLE ( 'NONE', #711, 0.1181102362204727724 ) ;
#1003 = UNCERTAINTY_MEASURE_WITH_UNIT (LENGTH_MEASURE( 1.000000000000000082E-05 ), #970, 'distance_accuracy_value', 'NONE');
#1004 = VERTEX_POINT ( 'NONE', #811 ) ;
#1005 = VECTOR ( 'NONE', #1172, 39.37007874015748854 ) ;
#1006 =( GEOMETRIC_REPRESENTATION_CONTEXT ( 3 ) GLOBAL_UNCERTAINTY_ASSIGNED_CONTEXT ( ( #1456 ) ) GLOBAL_UNIT_ASSIGNED_CONTEXT ( ( #1969, #1026, #421 ) ) REPRESENTATION_CONTEXT ( 'NONE', 'WORKASPACE' ) );
#1007 = CARTESIAN_POINT ( 'NONE',  ( -0.05872005362092520137, 0.001771653073979154386, -0.03188976377952756208 ) ) ;
#1008 = CIRCLE ( 'NONE', #585, 0.001968503937007823681 ) ;
#1009 = DIRECTION ( 'NONE',  ( 1.000000000000000000, 0.0000000000000000000, 0.0000000000000000000 ) ) ;
#1010 = ORIENTED_EDGE ( 'NONE', *, *, #1629, .T. ) ;
#1011 = EDGE_CURVE ( 'NONE', #1532, #1549, #992, .T. ) ;
#1012 = VERTEX_POINT ( 'NONE', #54 ) ;
#1013 = CARTESIAN_POINT ( 'NONE',  ( -0.04833305445244059917, -0.01299212598424834969, -0.03149606299212599075 ) ) ;
#1014 = ORIENTED_EDGE ( 'NONE', *, *, #1940, .F. ) ;
#1015 =( NAMED_UNIT ( * ) PLANE_ANGLE_UNIT ( ) SI_UNIT ( $, .RADIAN. ) );
#1016 = DIRECTION ( 'NONE',  ( -1.806986753405428954E-17, -7.807601151850407971E-20, 1.000000000000000000 ) ) ;
#1017 = CARTESIAN_POINT ( 'NONE',  ( 0.0000000000000000000, -0.1131806124677231656, -0.04330708661417347755 ) ) ;
#1018 = ORIENTED_EDGE ( 'NONE', *, *, #1239, .T. ) ;
#1019 = DIRECTION ( 'NONE',  ( -0.8981381301622466395, 0.4397134284379581315, 0.0000000000000000000 ) ) ;
#1020 = CARTESIAN_POINT ( 'NONE',  ( 0.1988356254582549221, 0.09941781272912746104, -0.04330708661417365102 ) ) ;
#1021 = EDGE_CURVE ( 'NONE', #1710, #881, #1008, .T. ) ;
#1022 = CARTESIAN_POINT ( 'NONE',  ( 0.03937007874015747977, -0.03740157480314960925, -0.03149606299212598381 ) ) ;
#1023 = VERTEX_POINT ( 'NONE', #357 ) ;
#1024 = PLANE ( 'NONE',  #1798 ) ;
#1025 = CARTESIAN_POINT ( 'NONE',  ( 0.04859145041670785009, 0.05322709607097746848, -0.03346456692913386127 ) ) ;
#1026 =( NAMED_UNIT ( * ) PLANE_ANGLE_UNIT ( ) SI_UNIT ( $, .RADIAN. ) );
#1027 = DIRECTION ( 'NONE',  ( 0.8906052846384012733, 0.4547771179095891902, 0.0000000000000000000 ) ) ;
#1028 = EDGE_LOOP ( 'NONE', ( #1610, #1541, #600, #904 ) ) ;
#1029 = LINE ( 'NONE', #1472, #679 ) ;
#1030 = CARTESIAN_POINT ( 'NONE',  ( -0.05302395689206949869, 0.004724409448811655102, -0.03149606299212598381 ) ) ;
#1031 = EDGE_LOOP ( 'NONE', ( #862, #1349, #190, #530, #1947 ) ) ;
#1032 = ORIENTED_EDGE ( 'NONE', *, *, #1925, .F. ) ;
#1033 = STYLED_ITEM ( 'NONE', ( #1465 ), #251 ) ;
#1034 = LINE ( 'NONE', #1181, #1339 ) ;
#1035 = VECTOR ( 'NONE', #1245, 39.37007874015748143 ) ;
#1036 = EDGE_CURVE ( 'NONE', #374, #1421, #976, .T. ) ;
#1037 = DIMENSIONAL_EXPONENTS ( 1.000000000000000000, 0.0000000000000000000, 0.0000000000000000000, 0.0000000000000000000, 0.0000000000000000000, 0.0000000000000000000, 0.0000000000000000000 ) ;
#1038 = SURFACE_STYLE_FILL_AREA ( #1347 ) ;
#1039 = MECHANICAL_DESIGN_GEOMETRIC_PRESENTATION_REPRESENTATION (  '', ( #457 ), #21 ) ;
#1040 = PRESENTATION_LAYER_ASSIGNMENT (  '', '', ( #1716 ) ) ;
#1041 = CIRCLE ( 'NONE', #1306, 0.001968503937007793757 ) ;
#1042 = CARTESIAN_POINT ( 'NONE',  ( -0.05302395689925236411, 0.004724409438241912972, -0.03188976377952756208 ) ) ;
#1043 = AXIS2_PLACEMENT_3D ( 'NONE', #1800, #248, #1315 ) ;
#1044 = FILL_AREA_STYLE_COLOUR ( '', #523 ) ;
#1045 = ORIENTED_EDGE ( 'NONE', *, *, #1794, .T. ) ;
#1046 = CARTESIAN_POINT ( 'NONE',  ( -0.05503434412123446584, -0.002493438007328376785, -0.03169291338582677642 ) ) ;
#1047 = ORIENTED_EDGE ( 'NONE', *, *, #520, .T. ) ;
#1048 = CARTESIAN_POINT ( 'NONE',  ( 0.04405374479942415766, 0.05511811023623620909, -0.03346456692913386127 ) ) ;
#1049 =( CONVERSION_BASED_UNIT ( 'INCH', #245 ) LENGTH_UNIT ( ) NAMED_UNIT ( #736 ) );
#1050 = EDGE_CURVE ( 'NONE', #1477, #980, #130, .T. ) ;
#1051 = UNCERTAINTY_MEASURE_WITH_UNIT (LENGTH_MEASURE( 1.000000000000000082E-05 ), #1706, 'distance_accuracy_value', 'NONE');
#1052 = EDGE_LOOP ( 'NONE', ( #1142, #1283, #1701, #479 ) ) ;
#1053 = CARTESIAN_POINT ( 'NONE',  ( 0.05783357173677165092, 0.01897637795275590802, -0.03346456692913386127 ) ) ;
#1054 = PLANE ( 'NONE',  #1686 ) ;
#1055 = DIRECTION ( 'NONE',  ( 2.167388928541335639E-16, 6.635236030068652221E-18, -1.000000000000000000 ) ) ;
#1056 = ORIENTED_EDGE ( 'NONE', *, *, #136, .T. ) ;
#1057 = DIRECTION ( 'NONE',  ( -1.000000000000000000, 0.0000000000000000000, 0.0000000000000000000 ) ) ;
#1058 = SHAPE_DEFINITION_REPRESENTATION ( #1241, #1696 ) ;
#1059 =( NAMED_UNIT ( * ) PLANE_ANGLE_UNIT ( ) SI_UNIT ( $, .RADIAN. ) );
#1060 = ORIENTED_EDGE ( 'NONE', *, *, #1214, .T. ) ;
#1061 = EDGE_CURVE ( 'NONE', #1795, #650, #493, .T. ) ;
#1062 = LINE ( 'NONE', #1802, #1333 ) ;
#1063 = VERTEX_POINT ( 'NONE', #250 ) ;
#1064 = DIRECTION ( 'NONE',  ( 0.0000000000000000000, 0.0000000000000000000, 1.000000000000000000 ) ) ;
#1065 = CARTESIAN_POINT ( 'NONE',  ( 0.05519560001062350646, -0.04662294647514137608, -0.03346456692913386127 ) ) ;
#1066 = CARTESIAN_POINT ( 'NONE',  ( 0.03014063531789075781, 0.05323516781195460068, -0.03346456692913387515 ) ) ;
#1067 =( LENGTH_UNIT ( ) NAMED_UNIT ( * ) SI_UNIT ( $, .METRE. ) );
#1068 = AXIS2_PLACEMENT_3D ( 'NONE', #519, #79, #1137 ) ;
#1069 = AXIS2_PLACEMENT_3D ( 'NONE', #1022, #413, #119 ) ;
#1070 = CIRCLE ( 'NONE', #745, 0.01968503937009573670 ) ;
#1071 = VECTOR ( 'NONE', #1348, 39.37007874015748143 ) ;
#1072 = B_SPLINE_CURVE_WITH_KNOTS ( 'NONE', 3,
 ( #1579, #1427, #1136, #645, #1453, #1116 ),
 .UNSPECIFIED., .F., .F.,
 ( 4, 2, 4 ),
 ( 0.5000000000913021880, 0.7500000000000001110, 1.000000000000000000 ),
 .UNSPECIFIED. ) ;
#1073 = ORIENTED_EDGE ( 'NONE', *, *, #1321, .T. ) ;
#1074 = AXIS2_PLACEMENT_3D ( 'NONE', #566, #1494, #1338 ) ;
#1075 = CARTESIAN_POINT ( 'NONE',  ( 0.0000000000000000000, -0.1181102362204727724, -0.03149606299212599075 ) ) ;
#1076 = LINE ( 'NONE', #907, #1645 ) ;
#1077 = EDGE_CURVE ( 'NONE', #302, #980, #1675, .T. ) ;
#1078 = ORIENTED_EDGE ( 'NONE', *, *, #1050, .F. ) ;
#1079 = CARTESIAN_POINT ( 'NONE',  ( -0.05838498913162571552, -0.005774278058770249827, -0.03149606299212598381 ) ) ;
#1080 = CARTESIAN_POINT ( 'NONE',  ( 0.0000000000000000000, -0.09448818897637764613, -0.03149606299212598381 ) ) ;
#1081 = FILL_AREA_STYLE ('',( #792 ) ) ;
#1082 = SURFACE_STYLE_FILL_AREA ( #929 ) ;
#1083 = SURFACE_STYLE_USAGE ( .BOTH. , #468 ) ;
#1084 = ORIENTED_EDGE ( 'NONE', *, *, #1112, .F. ) ;
#1085 = EDGE_CURVE ( 'NONE', #1023, #1643, #709, .T. ) ;
#1086 = DIRECTION ( 'NONE',  ( 0.0000000000000000000, -1.000000000000000000, 0.0000000000000000000 ) ) ;
#1087 = CYLINDRICAL_SURFACE ( 'NONE', #651, 0.1102362204724409434 ) ;
#1088 =( NAMED_UNIT ( * ) SI_UNIT ( $, .STERADIAN. ) SOLID_ANGLE_UNIT ( ) );
#1089 = EDGE_LOOP ( 'NONE', ( #1114, #1718 ) ) ;
#1090 = DIRECTION ( 'NONE',  ( 1.000000000000000000, 0.0000000000000000000, 0.0000000000000000000 ) ) ;
#1091 = LINE ( 'NONE', #1220, #1197 ) ;
#1092 = VERTEX_POINT ( 'NONE', #1492 ) ;
#1093 = CARTESIAN_POINT ( 'NONE',  ( 0.0000000000000000000, 0.0000000000000000000, 0.03543307086614174567 ) ) ;
#1094 = CARTESIAN_POINT ( 'NONE',  ( 0.0000000000000000000, 0.01062992125984251433, -0.03149606299212598381 ) ) ;
#1095 = B_SPLINE_CURVE_WITH_KNOTS ( 'NONE', 3,
 ( #1724, #60, #667, #646, #1291, #1732 ),
 .UNSPECIFIED., .F., .F.,
 ( 4, 2, 4 ),
 ( 0.5000000000912835363, 0.7500000000000002220, 1.000000000000000000 ),
 .UNSPECIFIED. ) ;
#1096 =( LENGTH_UNIT ( ) NAMED_UNIT ( * ) SI_UNIT ( $, .METRE. ) );
#1097 = DIRECTION ( 'NONE',  ( -0.0000000000000000000, 0.0000000000000000000, -1.000000000000000000 ) ) ;
#1098 = ADVANCED_FACE ( 'NONE', ( #1480 ), #1955, .F. ) ;
#1099 = VECTOR ( 'NONE', #927, 39.37007874015748143 ) ;
#1100 = ORIENTED_EDGE ( 'NONE', *, *, #1036, .T. ) ;
#1101 = VECTOR ( 'NONE', #1444, 39.37007874015748143 ) ;
#1102 = AXIS2_PLACEMENT_3D ( 'NONE', #906, #1385, #1664 ) ;
#1103 = CARTESIAN_POINT ( 'NONE',  ( 0.0000000000000000000, 0.09448818897637761838, -0.03845205475134422235 ) ) ;
#1104 = VERTEX_POINT ( 'NONE', #728 ) ;
#1105 = DIRECTION ( 'NONE',  ( -0.2001233627146838390, 0.9797707077147015386, 0.0000000000000000000 ) ) ;
#1106 =( BOUNDED_SURFACE ( )  B_SPLINE_SURFACE ( 3, 3, ( 
 ( #1124, #1593, #206, #666, #1290, #518, #1781 ),
 ( #384, #1464, #989, #687, #1178, #694, #1911 ),
 ( #1311, #78, #541, #1931, #726, #1020, #1328 ),
 ( #1628, #998, #1343, #1608, #568, #829, #404 ),
 ( #535, #396, #372, #1500, #240, #1166, #1157 ),
 ( #1772, #563, #1485, #858, #1764, #554, #1789 ),
 ( #412, #840, #847, #1478, #261, #107, #1352 ) ),
 .UNSPECIFIED., .F., .T., .F. ) 
 B_SPLINE_SURFACE_WITH_KNOTS ( ( 4, 3, 4 ),
 ( 4, 3, 4 ),
 ( 0.02126608872882561341, 0.5000000000000000000, 0.9787339112711658240 ),
 ( 0.0000000000000000000, 0.5000000000000000000, 1.000000000000000000 ),
 .UNSPECIFIED. ) 
 GEOMETRIC_REPRESENTATION_ITEM ( )  RATIONAL_B_SPLINE_SURFACE ( (
 ( 0.9743075028729875076, 0.3247691676243291692, 0.3247691676243291692, 0.9743075028729875076, 0.3247691676243291692, 0.3247691676243291692, 0.9743075028729875076),
 ( 0.7900785038902337076, 0.2633595012967445692, 0.2633595012967445692, 0.7900785038902337076, 0.2633595012967445692, 0.2633595012967445692, 0.7900785038902337076),
 ( 0.7986426695992379088, 0.2662142231997459696, 0.2662142231997459696, 0.7986426695992379088, 0.2662142231997459696, 0.2662142231997459696, 0.7986426695992379088),
 ( 1.000000000000000000, 0.3333333333333333148, 0.3333333333333333148, 1.000000000000000000, 0.3333333333333333148, 0.3333333333333333148, 1.000000000000000000),
 ( 0.7986426695992414615, 0.2662142231997471353, 0.2662142231997471353, 0.7986426695992414615, 0.2662142231997471353, 0.2662142231997471353, 0.7986426695992414615),
 ( 0.7900785038902340407, 0.2633595012967446802, 0.2633595012967446802, 0.7900785038902340407, 0.2633595012967446802, 0.2633595012967446802, 0.7900785038902340407),
 ( 0.9743075028729777376, 0.3247691676243258940, 0.3247691676243258940, 0.9743075028729777376, 0.3247691676243258940, 0.3247691676243258940, 0.9743075028729777376) ) ) 
 REPRESENTATION_ITEM ( '' )  SURFACE ( )  );
#1107 = TOROIDAL_SURFACE ( 'NONE', #781, 0.1102362204724229994, 0.007874015748031903614 ) ;
#1108 = CARTESIAN_POINT ( 'NONE',  ( -0.05000837675230316443, -0.01266404198497244130, -0.03188976377952756208 ) ) ;
#1109 = DIRECTION ( 'NONE',  ( -1.000000000000000000, 0.0000000000000000000, 0.0000000000000000000 ) ) ;
#1110 = SURFACE_SIDE_STYLE ('',( #1412 ) ) ;
#1111 =( NAMED_UNIT ( * ) PLANE_ANGLE_UNIT ( ) SI_UNIT ( $, .RADIAN. ) );
#1112 = EDGE_CURVE ( 'NONE', #542, #1532, #1871, .T. ) ;
#1113 =( CONVERSION_BASED_UNIT ( 'INCH', #33 ) LENGTH_UNIT ( ) NAMED_UNIT ( #1673 ) );
#1114 = ORIENTED_EDGE ( 'NONE', *, *, #1938, .F. ) ;
#1115 = DIRECTION ( 'NONE',  ( 0.0000000000000000000, -1.000000000000000000, 0.0000000000000000000 ) ) ;
#1116 = CARTESIAN_POINT ( 'NONE',  ( 0.03937007874627545395, 0.01968503937007231447, -0.03346456692913381270 ) ) ;
#1117 = CARTESIAN_POINT ( 'NONE',  ( -0.05859881060960629717, 0.002993338942755905795, -0.03189763779527559490 ) ) ;
#1118 = DIRECTION ( 'NONE',  ( -1.000000000000000000, 1.224646799147352221E-16, 0.0000000000000000000 ) ) ;
#1119 = PLANE ( 'NONE',  #1806 ) ;
#1120 = CARTESIAN_POINT ( 'NONE',  ( -0.05503434412122749225, 0.0001312332829170676711, -0.03188976377952756208 ) ) ;
#1121 = ORIENTED_EDGE ( 'NONE', *, *, #722, .F. ) ;
#1122 = CARTESIAN_POINT ( 'NONE',  ( -0.05503434412122047009, -0.001181102362204724393, -0.03188976377952756208 ) ) ;
#1123 = EDGE_CURVE ( 'NONE', #99, #1799, #526, .T. ) ;
#1124 = CARTESIAN_POINT ( 'NONE',  ( 0.0000000000000000000, 0.09448818897637763226, -0.03149606299212597688 ) ) ;
#1125 = FACE_OUTER_BOUND ( 'NONE', #1387, .T. ) ;
#1126 = VERTEX_POINT ( 'NONE', #588 ) ;
#1127 = ORIENTED_EDGE ( 'NONE', *, *, #177, .F. ) ;
#1128 = DIRECTION ( 'NONE',  ( -1.000000000000000000, -6.737527667299557022E-37, -2.167388928543064723E-16 ) ) ;
#1129 = AXIS2_PLACEMENT_3D ( 'NONE', #1277, #509, #816 ) ;
#1130 = CARTESIAN_POINT ( 'NONE',  ( -0.02755905511811023584, 0.01062992125984251780, -0.03169291338582677642 ) ) ;
#1131 = CARTESIAN_POINT ( 'NONE',  ( 0.0000000000000000000, -0.09448818897637761838, -0.03845205475134422235 ) ) ;
#1132 = EDGE_LOOP ( 'NONE', ( #1887, #744, #1227, #386 ) ) ;
#1133 = VECTOR ( 'NONE', #465, 39.37007874015748143 ) ;
#1134 = CARTESIAN_POINT ( 'NONE',  ( -0.05126142345976378994, -0.01254269706318503902, -0.03189763779527559490 ) ) ;
#1135 = VECTOR ( 'NONE', #1407, 39.37007874015748143 ) ;
#1136 = CARTESIAN_POINT ( 'NONE',  ( 0.05519560001063657240, 0.02818020313114911329, -0.03346456692913386127 ) ) ;
#1137 = DIRECTION ( 'NONE',  ( 0.2473831898960702491, -0.9689177247614187971, 0.0000000000000000000 ) ) ;
#1138 = COLOUR_RGB ( '',0.03921568627450980338, 0.05098039215686274439, 0.05098039215686274439 ) ;
#1139 = ORIENTED_EDGE ( 'NONE', *, *, #1214, .F. ) ;
#1140 = CARTESIAN_POINT ( 'NONE',  ( 0.02353648573399185276, -0.04663101822997656881, -0.03346456692913386127 ) ) ;
#1141 = VECTOR ( 'NONE', #1000, 39.37007874015748143 ) ;
#1142 = ORIENTED_EDGE ( 'NONE', *, *, #1217, .T. ) ;
#1143 = AXIS2_PLACEMENT_3D ( 'NONE', #528, #1756, #1888 ) ;
#1144 = FACE_OUTER_BOUND ( 'NONE', #238, .T. ) ;
#1145 = ORIENTED_EDGE ( 'NONE', *, *, #1811, .F. ) ;
#1146 = CARTESIAN_POINT ( 'NONE',  ( 0.0000000000000000000, 0.0000000000000000000, -0.03149606299212598381 ) ) ;
#1147 = CARTESIAN_POINT ( 'NONE',  ( 0.05708090658809405332, -0.03273173584064452413, -0.03346456692913386821 ) ) ;
#1148 = ORIENTED_EDGE ( 'NONE', *, *, #64, .T. ) ;
#1149 = CARTESIAN_POINT ( 'NONE',  ( -0.01583359300615216209, -0.009229443426818887894, -0.03346456692913386127 ) ) ;
#1150 = EDGE_CURVE ( 'NONE', #881, #1665, #945, .T. ) ;
#1151 = VERTEX_POINT ( 'NONE', #1212 ) ;
#1152 = CARTESIAN_POINT ( 'NONE',  ( -0.05436421520126846763, -0.01102362204724452108, -0.03149606299212598381 ) ) ;
#1153 = EDGE_CURVE ( 'NONE', #1723, #1331, #1381, .T. ) ;
#1154 = CARTESIAN_POINT ( 'NONE',  ( 0.0000000000000000000, 0.1181102362204727863, -0.03845205475134411133 ) ) ;
#1155 = ORIENTED_EDGE ( 'NONE', *, *, #1834, .T. ) ;
#1156 = DIRECTION ( 'NONE',  ( 0.2001233901927031433, 0.9797707021021699880, 0.0000000000000000000 ) ) ;
#1157 = CARTESIAN_POINT ( 'NONE',  ( 0.0000000000000000000, 0.1131806124677231656, -0.04330708661417347755 ) ) ;
#1158 = CARTESIAN_POINT ( 'NONE',  ( -0.05369408604667325058, 0.003740157480315353493, -0.03188976377952755514 ) ) ;
#1159 = ORIENTED_EDGE ( 'NONE', *, *, #1889, .T. ) ;
#1160 = CARTESIAN_POINT ( 'NONE',  ( 0.03937007874015747283, 0.03740157480314960231, -0.03149606299212596300 ) ) ;
#1161 = FACE_OUTER_BOUND ( 'NONE', #188, .T. ) ;
#1162 = EDGE_CURVE ( 'NONE', #983, #1669, #558, .T. ) ;
#1163 = PLANE ( 'NONE',  #1371 ) ;
#1164 = VERTEX_POINT ( 'NONE', #853 ) ;
#1165 =( LENGTH_UNIT ( ) NAMED_UNIT ( * ) SI_UNIT ( $, .METRE. ) );
#1166 = CARTESIAN_POINT ( 'NONE',  ( 0.2263612249354462758, 0.1131806124677231379, -0.04330708661417347755 ) ) ;
#1167 = CARTESIAN_POINT ( 'NONE',  ( -0.05101357013222043713, -0.008398950287676650375, -0.03149606299212598381 ) ) ;
#1168 = VECTOR ( 'NONE', #1389, 39.37007874015748143 ) ;
#1169 = AXIS2_PLACEMENT_3D ( 'NONE', #1572, #1445, #529 ) ;
#1170 = EDGE_LOOP ( 'NONE', ( #692, #452, #1704, #984, #1176 ) ) ;
#1171 = COLOUR_RGB ( '',1.000000000000000000, 1.000000000000000000, 0.7294117647058823151 ) ;
#1172 = DIRECTION ( 'NONE',  ( 0.7145104988019647108, 0.6996247187612566476, 0.0000000000000000000 ) ) ;
#1173 = MECHANICAL_DESIGN_GEOMETRIC_PRESENTATION_REPRESENTATION (  '', ( #325 ), #1592 ) ;
#1174 = EDGE_CURVE ( 'NONE', #1691, #951, #1034, .T. ) ;
#1175 = CARTESIAN_POINT ( 'NONE',  ( 0.0000000000000000000, 0.1181102362204727724, -0.03149606299212599075 ) ) ;
#1176 = ORIENTED_EDGE ( 'NONE', *, *, #161, .F. ) ;
#1177 = CARTESIAN_POINT ( 'NONE',  ( -0.05302395712673229483, -0.01167979001647047148, -0.03188976377952756208 ) ) ;
#1178 = CARTESIAN_POINT ( 'NONE',  ( 0.1889763779527554033, -0.09448818897637770164, -0.03845205475134421541 ) ) ;
#1179 = VERTEX_POINT ( 'NONE', #1977 ) ;
#1180 = CARTESIAN_POINT ( 'NONE',  ( -0.05061986152330708033, 0.006293750416590551851, -0.03149606299212598381 ) ) ;
#1181 = CARTESIAN_POINT ( 'NONE',  ( -0.05168369905216961546, -0.01233595798570161044, -0.03169291338582677642 ) ) ;
#1182 = DIRECTION ( 'NONE',  ( 1.000000000000000000, 0.0000000000000000000, 0.0000000000000000000 ) ) ;
#1183 = DIRECTION ( 'NONE',  ( 0.0000000000000000000, 0.0000000000000000000, 1.000000000000000000 ) ) ;
#1184 = CARTESIAN_POINT ( 'NONE',  ( -0.2125984251968506822, -0.1062992125984253411, -0.04330708661417356081 ) ) ;
#1185 =( LENGTH_UNIT ( ) NAMED_UNIT ( * ) SI_UNIT ( $, .METRE. ) );
#1186 = CARTESIAN_POINT ( 'NONE',  ( 0.05708661417322966752, 0.03740157480314960925, -0.03149606299212596300 ) ) ;
#1187 = EDGE_LOOP ( 'NONE', ( #61, #1595 ) ) ;
#1188 = ORIENTED_EDGE ( 'NONE', *, *, #1449, .F. ) ;
#1189 = CARTESIAN_POINT ( 'NONE',  ( 0.2362204724409455170, -0.1181102362204727585, -0.03149606299212599075 ) ) ;
#1190 = DIMENSIONAL_EXPONENTS ( 1.000000000000000000, 0.0000000000000000000, 0.0000000000000000000, 0.0000000000000000000, 0.0000000000000000000, 0.0000000000000000000, 0.0000000000000000000 ) ;
#1191 = EDGE_LOOP ( 'NONE', ( #503, #394, #84, #1759 ) ) ;
#1192 = DIRECTION ( 'NONE',  ( 0.9813591690599837714, 0.1921826769037686677, 0.0000000000000000000 ) ) ;
#1193 = DIRECTION ( 'NONE',  ( 0.0000000000000000000, 1.000000000000000000, 0.0000000000000000000 ) ) ;
#1194 = EDGE_LOOP ( 'NONE', ( #179, #1590, #1638, #799, #987 ) ) ;
#1195 = DIRECTION ( 'NONE',  ( -1.000000000000000000, -1.224646799147353454E-16, 0.0000000000000000000 ) ) ;
#1196 = ORIENTED_EDGE ( 'NONE', *, *, #1226, .F. ) ;
#1197 = VECTOR ( 'NONE', #1209, 39.37007874015748854 ) ;
#1198 = CARTESIAN_POINT ( 'NONE',  ( 0.05520367174772835422, 0.04663101822666965157, -0.03346456692913387515 ) ) ;
#1199 = AXIS2_PLACEMENT_3D ( 'NONE', #1730, #213, #673 ) ;
#1200 = MECHANICAL_DESIGN_GEOMETRIC_PRESENTATION_REPRESENTATION (  '', ( #776 ), #548 ) ;
#1201 = CARTESIAN_POINT ( 'NONE',  ( 0.04822834645669292486, -0.03740157480314960925, -0.03346456692913386127 ) ) ;
#1202 = AXIS2_PLACEMENT_3D ( 'NONE', #1937, #1016, #1797 ) ;
#1203 = AXIS2_PLACEMENT_3D ( 'NONE', #1570, #759, #617 ) ;
#1204 = CARTESIAN_POINT ( 'NONE',  ( -0.04833305445244017590, -0.009055118110233073558, -0.03169291338582677642 ) ) ;
#1205 = AXIS2_PLACEMENT_3D ( 'NONE', #644, #988, #1591 ) ;
#1206 = ORIENTED_EDGE ( 'NONE', *, *, #1504, .T. ) ;
#1207 = FACE_OUTER_BOUND ( 'NONE', #1052, .T. ) ;
#1208 = DIRECTION ( 'NONE',  ( 0.9797707021021699880, -0.2001233901927031433, 0.0000000000000000000 ) ) ;
#1209 = DIRECTION ( 'NONE',  ( -0.9713212062350897735, -0.2377711385303309111, 0.0000000000000000000 ) ) ;
#1210 = DIMENSIONAL_EXPONENTS ( 1.000000000000000000, 0.0000000000000000000, 0.0000000000000000000, 0.0000000000000000000, 0.0000000000000000000, 0.0000000000000000000, 0.0000000000000000000 ) ;
#1211 = EDGE_LOOP ( 'NONE', ( #838, #843, #120, #601, #1413 ) ) ;
#1212 = CARTESIAN_POINT ( 'NONE',  ( -0.05101357014462377937, 0.006036746024490110413, -0.03188976377952756208 ) ) ;
#1213 = SURFACE_SIDE_STYLE ('',( #1038 ) ) ;
#1214 = EDGE_CURVE ( 'NONE', #967, #247, #294, .T. ) ;
#1215 = EDGE_LOOP ( 'NONE', ( #1971, #643, #1018, #175 ) ) ;
#1216 = ORIENTED_EDGE ( 'NONE', *, *, #1406, .T. ) ;
#1217 = EDGE_CURVE ( 'NONE', #1665, #1788, #1720, .T. ) ;
#1218 = CARTESIAN_POINT ( 'NONE',  ( 0.0000000000000000000, 0.1181102362204727724, -0.03149606299212599075 ) ) ;
#1219 = SURFACE_STYLE_FILL_AREA ( #777 ) ;
#1220 = CARTESIAN_POINT ( 'NONE',  ( -0.04967331229232283679, 0.006364829709210630994, -0.03188976377952756208 ) ) ;
#1221 = CARTESIAN_POINT ( 'NONE',  ( -0.05469927966125983504, -0.003805774121772638029, -0.03188976377952756208 ) ) ;
#1222 = DIRECTION ( 'NONE',  ( 0.0000000000000000000, 1.000000000000000000, 0.0000000000000000000 ) ) ;
#1223 = CARTESIAN_POINT ( 'NONE',  ( -0.1181102362204724532, 1.446433227339393765E-17, -0.03149606299212598381 ) ) ;
#1224 = SURFACE_SIDE_STYLE ('',( #1707 ) ) ;
#1225 = ORIENTED_EDGE ( 'NONE', *, *, #1415, .F. ) ;
#1226 = EDGE_CURVE ( 'NONE', #1104, #881, #466, .T. ) ;
#1227 = ORIENTED_EDGE ( 'NONE', *, *, #1085, .T. ) ;
#1228 = LINE ( 'NONE', #1833, #868 ) ;
#1229 = LINE ( 'NONE', #1835, #454 ) ;
#1230 = CARTESIAN_POINT ( 'NONE',  ( 0.0000000000000000000, 0.0000000000000000000, 0.04330708661417362326 ) ) ;
#1231 = EDGE_LOOP ( 'NONE', ( #109, #444, #1734, #720 ) ) ;
#1232 = CARTESIAN_POINT ( 'NONE',  ( -0.1102362204724409572, 1.398188047840761265E-17, 0.04330708661417362326 ) ) ;
#1233 = DIRECTION ( 'NONE',  ( -0.2473831898960778541, -0.9689177247614170208, 0.0000000000000000000 ) ) ;
#1234 = TOROIDAL_SURFACE ( 'NONE', #1295, 0.01771653543307223286, 0.001968503937007793757 ) ;
#1235 = FILL_AREA_STYLE ('',( #1714 ) ) ;
#1236 =( GEOMETRIC_REPRESENTATION_CONTEXT ( 3 ) GLOBAL_UNCERTAINTY_ASSIGNED_CONTEXT ( ( #215 ) ) GLOBAL_UNIT_ASSIGNED_CONTEXT ( ( #1113, #178, #641 ) ) REPRESENTATION_CONTEXT ( 'NONE', 'WORKASPACE' ) );
#1237 = VERTEX_POINT ( 'NONE', #1552 ) ;
#1238 = DIRECTION ( 'NONE',  ( 0.2473831898960702491, -0.9689177247614187971, 0.0000000000000000000 ) ) ;
#1239 = EDGE_CURVE ( 'NONE', #370, #1425, #1536, .T. ) ;
#1240 = COLOUR_RGB ( '',0.03921568627450980338, 0.05098039215686274439, 0.05098039215686274439 ) ;
#1241 = PRODUCT_DEFINITION_SHAPE ( 'NONE', 'NONE',  #1483 ) ;
#1242 = SURFACE_STYLE_USAGE ( .BOTH. , #603 ) ;
#1243 = VECTOR ( 'NONE', #634, 39.37007874015748143 ) ;
#1244 = ORIENTED_EDGE ( 'NONE', *, *, #150, .F. ) ;
#1245 = DIRECTION ( 'NONE',  ( -0.0000000000000000000, -0.0000000000000000000, -1.000000000000000000 ) ) ;
#1246 = ADVANCED_FACE ( 'NONE', ( #1712 ), #1544, .F. ) ;
#1247 = LINE ( 'NONE', #1094, #1168 ) ;
#1248 = EDGE_CURVE ( 'NONE', #1691, #983, #1278, .T. ) ;
#1249 = MANIFOLD_SOLID_BREP ( 'Imported1', #1324 ) ;
#1250 = ORIENTED_EDGE ( 'NONE', *, *, #197, .F. ) ;
#1251 = CARTESIAN_POINT ( 'NONE',  ( -0.05683090957712599173, -0.008817684178992127655, -0.03149606299212598381 ) ) ;
#1252 = LINE ( 'NONE', #478, #521 ) ;
#1253 = ORIENTED_EDGE ( 'NONE', *, *, #160, .F. ) ;
#1254 = FACE_OUTER_BOUND ( 'NONE', #1376, .T. ) ;
#1255 = ADVANCED_FACE ( 'NONE', ( #20 ), #637, .T. ) ;
#1256 = CARTESIAN_POINT ( 'NONE',  ( 0.04859952216822159554, -0.05323516780805229859, -0.03346456692913386127 ) ) ;
#1257 = PRESENTATION_STYLE_ASSIGNMENT (( #628 ) ) ;
#1258 = ORIENTED_EDGE ( 'NONE', *, *, #700, .F. ) ;
#1259 = DIRECTION ( 'NONE',  ( -0.0000000000000000000, -0.0000000000000000000, -1.000000000000000000 ) ) ;
#1260 = LINE ( 'NONE', #653, #971 ) ;
#1261 = CARTESIAN_POINT ( 'NONE',  ( 0.1889763779527552923, 0.09448818897637764613, -0.03149606299212597688 ) ) ;
#1262 = ORIENTED_EDGE ( 'NONE', *, *, #1679, .F. ) ;
#1263 = DIRECTION ( 'NONE',  ( -1.000000000000000000, 0.0000000000000000000, 0.0000000000000000000 ) ) ;
#1264 = DIRECTION ( 'NONE',  ( -0.7145104362680574361, 0.6996247826256801750, 0.0000000000000000000 ) ) ;
#1265 = FACE_OUTER_BOUND ( 'NONE', #1194, .T. ) ;
#1266 = CARTESIAN_POINT ( 'NONE',  ( 0.04872385083228347041, 0.02807313932707086734, -0.1535433070866141780 ) ) ;
#1267 = ADVANCED_FACE ( 'NONE', ( #783 ), #1087, .T. ) ;
#1268 = SURFACE_STYLE_USAGE ( .BOTH. , #1382 ) ;
#1269 = MECHANICAL_DESIGN_GEOMETRIC_PRESENTATION_REPRESENTATION (  '', ( #1033 ), #1926 ) ;
#1270 = MECHANICAL_DESIGN_GEOMETRIC_PRESENTATION_REPRESENTATION (  '', ( #579 ), #110 ) ;
#1271 = COLOUR_RGB ( '',0.7568627450980391913, 0.7137254901960784492, 0.1960784313725490169 ) ;
#1272 = FILL_AREA_STYLE ('',( #1423 ) ) ;
#1273 = CARTESIAN_POINT ( 'NONE',  ( 0.0000000000000000000, 0.09941781272912744716, -0.04330708661417364408 ) ) ;
#1274 = VECTOR ( 'NONE', #1322, 39.37007874015748143 ) ;
#1275 = EDGE_LOOP ( 'NONE', ( #298, #382, #506, #1569 ) ) ;
#1276 = CARTESIAN_POINT ( 'NONE',  ( -0.04833305445244093917, -0.01102362204724409434, -0.03188976377952756208 ) ) ;
#1277 = CARTESIAN_POINT ( 'NONE',  ( 0.0000000000000000000, 0.0000000000000000000, -0.03149606299212598381 ) ) ;
#1278 = LINE ( 'NONE', #770, #1934 ) ;
#1279 = EDGE_CURVE ( 'NONE', #607, #1799, #1364, .T. ) ;
#1280 = FILL_AREA_STYLE ('',( #1766 ) ) ;
#1281 = SURFACE_SIDE_STYLE ('',( #801 ) ) ;
#1282 = CARTESIAN_POINT ( 'NONE',  ( -0.1988356254582549221, -0.09941781272912746104, -0.04330708661417365102 ) ) ;
#1283 = ORIENTED_EDGE ( 'NONE', *, *, #599, .T. ) ;
#1284 = DIRECTION ( 'NONE',  ( 0.1921828589296392109, 0.9813591334132629740, 0.0000000000000000000 ) ) ;
#1285 = FACE_OUTER_BOUND ( 'NONE', #81, .T. ) ;
#1286 = CARTESIAN_POINT ( 'NONE',  ( -0.1102362204724409434, 1.350004345516767288E-17, 0.04330708661417323468 ) ) ;
#1287 = DIRECTION ( 'NONE',  ( -1.000000000000000000, 0.0000000000000000000, 0.0000000000000000000 ) ) ;
#1288 = VERTEX_POINT ( 'NONE', #1913 ) ;
#1289 = FACE_OUTER_BOUND ( 'NONE', #892, .T. ) ;
#1290 = CARTESIAN_POINT ( 'NONE',  ( 0.1889763779527552923, -0.09448818897637764613, -0.03149606299212597688 ) ) ;
#1291 = CARTESIAN_POINT ( 'NONE',  ( 0.004713680066012178836, -0.01771653543035845574, -0.03346456692913386821 ) ) ;
#1292 = EDGE_LOOP ( 'NONE', ( #1045, #515, #1100, #763, #1314, #1367, #591, #486, #25, #1307, #142, #1047, #1919, #34, #274, #1073, #1729, #406, #625, #397, #681, #1010, #1953, #827 ) ) ;
#1293 = DIRECTION ( 'NONE',  ( -0.5627910658964720980, -0.8265991871197991836, 0.0000000000000000000 ) ) ;
#1294 = ORIENTED_EDGE ( 'NONE', *, *, #1340, .T. ) ;
#1295 = AXIS2_PLACEMENT_3D ( 'NONE', #1751, #1302, #43 ) ;
#1296 = EDGE_CURVE ( 'NONE', #1179, #1902, #365, .T. ) ;
#1297 = VERTEX_POINT ( 'NONE', #375 ) ;
#1298 = VECTOR ( 'NONE', #1461, 39.37007874015748143 ) ;
#1299 = CARTESIAN_POINT ( 'NONE',  ( 0.03937007874015747977, 0.03740157480314960925, -0.03149606299212598381 ) ) ;
#1300 = COLOUR_RGB ( '',0.7568627450980391913, 0.7137254901960784492, 0.1960784313725490169 ) ;
#1301 = DIRECTION ( 'NONE',  ( 0.0000000000000000000, 0.0000000000000000000, 1.000000000000000000 ) ) ;
#1302 = DIRECTION ( 'NONE',  ( -0.0000000000000000000, 0.0000000000000000000, -1.000000000000000000 ) ) ;
#1303 = PRESENTATION_LAYER_ASSIGNMENT (  '', '', ( #230 ) ) ;
#1304 = ADVANCED_FACE ( 'NONE', ( #1884 ), #696, .T. ) ;
#1305 = CARTESIAN_POINT ( 'NONE',  ( -0.1181102362204724532, 1.446433227339393765E-17, 0.03543307086614174567 ) ) ;
#1306 = AXIS2_PLACEMENT_3D ( 'NONE', #1650, #263, #1195 ) ;
#1307 = ORIENTED_EDGE ( 'NONE', *, *, #1823, .T. ) ;
#1308 =( LENGTH_UNIT ( ) NAMED_UNIT ( * ) SI_UNIT ( $, .METRE. ) );
#1309 = VERTEX_POINT ( 'NONE', #1893 ) ;
#1310 = LINE ( 'NONE', #1607, #1408 ) ;
#1311 = CARTESIAN_POINT ( 'NONE',  ( 0.0000000000000000000, 0.09941781272912744716, -0.04330708661417364408 ) ) ;
#1312 = SURFACE_STYLE_FILL_AREA ( #1647 ) ;
#1313 = ADVANCED_FACE ( 'NONE', ( #352 ), #832, .T. ) ;
#1314 = ORIENTED_EDGE ( 'NONE', *, *, #80, .T. ) ;
#1315 = DIRECTION ( 'NONE',  ( -1.000000000000000000, 0.0000000000000000000, 0.0000000000000000000 ) ) ;
#1316 = CARTESIAN_POINT ( 'NONE',  ( 0.0000000000000000000, 0.0000000000000000000, -0.03149606299212598381 ) ) ;
#1317 = CARTESIAN_POINT ( 'NONE',  ( -0.05275935067751970353, 0.005113049736669290392, -0.03148818897637795794 ) ) ;
#1318 = VERTEX_POINT ( 'NONE', #88 ) ;
#1319 = DIRECTION ( 'NONE',  ( 1.224646799147353207E-16, 1.000000000000000000, 7.807601151850629452E-20 ) ) ;
#1320 = ORIENTED_EDGE ( 'NONE', *, *, #55, .T. ) ;
#1321 = EDGE_CURVE ( 'NONE', #533, #90, #82, .T. ) ;
#1322 = DIRECTION ( 'NONE',  ( -1.000000000000000000, 0.0000000000000000000, 0.0000000000000000000 ) ) ;
#1323 = FACE_OUTER_BOUND ( 'NONE', #1191, .T. ) ;
#1324 = CLOSED_SHELL ( 'NONE', ( #624, #366, #1304, #1267, #1392, #339, #974, #1856, #504, #483, #1980, #1462, #994, #251, #764, #497, #895, #842, #235, #101, #1668, #268, #1760, #1098, #349, #1255, #789, #550, #1313, #850, #241, #688, #1697, #254, #514, #453, #1736, #1599, #37, #930, #1790, #948, #537, #725, #445, #210, #1556, #870, #1246, #977 ) ) ;
#1325 = ORIENTED_EDGE ( 'NONE', *, *, #750, .T. ) ;
#1326 =( NAMED_UNIT ( * ) SI_UNIT ( $, .STERADIAN. ) SOLID_ANGLE_UNIT ( ) );
#1327 = PRESENTATION_LAYER_ASSIGNMENT (  '', '', ( #1398 ) ) ;
#1328 = CARTESIAN_POINT ( 'NONE',  ( 0.0000000000000000000, 0.09941781272912744716, -0.04330708661417364408 ) ) ;
#1329 = DIRECTION ( 'NONE',  ( -1.224646799147353207E-16, 1.000000000000000000, 6.635236030079888096E-18 ) ) ;
#1330 = CIRCLE ( 'NONE', #1102, 0.001968503937007819345 ) ;
#1331 = VERTEX_POINT ( 'NONE', #1305 ) ;
#1332 = LINE ( 'NONE', #1046, #1468 ) ;
#1333 = VECTOR ( 'NONE', #277, 39.37007874015748143 ) ;
#1334 = ORIENTED_EDGE ( 'NONE', *, *, #1085, .F. ) ;
#1335 = CARTESIAN_POINT ( 'NONE',  ( 0.02354455747109845606, 0.04662294647844353324, -0.03346456692913386821 ) ) ;
#1336 =( GEOMETRIC_REPRESENTATION_CONTEXT ( 3 ) GLOBAL_UNCERTAINTY_ASSIGNED_CONTEXT ( ( #1496 ) ) GLOBAL_UNIT_ASSIGNED_CONTEXT ( ( #1391, #1111, #1088 ) ) REPRESENTATION_CONTEXT ( 'NONE', 'WORKASPACE' ) );
#1337 = SURFACE_STYLE_USAGE ( .BOTH. , #710 ) ;
#1338 = DIRECTION ( 'NONE',  ( 0.8373790907136056116, -0.5466225923209312443, 0.0000000000000000000 ) ) ;
#1339 = VECTOR ( 'NONE', #574, 39.37007874015748143 ) ;
#1340 = EDGE_CURVE ( 'NONE', #1331, #1532, #1775, .T. ) ;
#1341 = DIRECTION ( 'NONE',  ( 0.0000000000000000000, 0.0000000000000000000, 1.000000000000000000 ) ) ;
#1342 = SURFACE_SIDE_STYLE ('',( #1663 ) ) ;
#1343 = CARTESIAN_POINT ( 'NONE',  ( -0.2125984251968506822, -0.1062992125984253411, -0.04330708661417356081 ) ) ;
#1344 = FACE_OUTER_BOUND ( 'NONE', #498, .T. ) ;
#1345 = VERTEX_POINT ( 'NONE', #342 ) ;
#1346 = CARTESIAN_POINT ( 'NONE',  ( 0.05708090658810978379, 0.04207141376565724095, -0.03346456692913386821 ) ) ;
#1347 = FILL_AREA_STYLE ('',( #1514 ) ) ;
#1348 = DIRECTION ( 'NONE',  ( 0.0000000000000000000, -1.000000000000000000, 0.0000000000000000000 ) ) ;
#1349 = ORIENTED_EDGE ( 'NONE', *, *, #305, .T. ) ;
#1350 = PLANE ( 'NONE',  #1904 ) ;
#1351 = EDGE_CURVE ( 'NONE', #1126, #1814, #861, .T. ) ;
#1352 = CARTESIAN_POINT ( 'NONE',  ( 0.0000000000000000000, 0.1181102362204727724, -0.03149606299212599075 ) ) ;
#1353 = ORIENTED_EDGE ( 'NONE', *, *, #380, .F. ) ;
#1354 = CARTESIAN_POINT ( 'NONE',  ( 0.03051181102362205202, 0.03740157480314960925, -0.03346456692913386127 ) ) ;
#1355 = CARTESIAN_POINT ( 'NONE',  ( -0.05436421520128438545, -0.01102362204722893459, -0.03169291338582677642 ) ) ;
#1356 = SURFACE_SIDE_STYLE ('',( #149 ) ) ;
#1357 = CARTESIAN_POINT ( 'NONE',  ( 0.1146456692913385700, 0.1146456693109055014, 0.05118110236220473758 ) ) ;
#1358 = UNCERTAINTY_MEASURE_WITH_UNIT (LENGTH_MEASURE( 1.000000000000000082E-05 ), #9, 'distance_accuracy_value', 'NONE');
#1359 = PLANE ( 'NONE',  #1169 ) ;
#1360 = ORIENTED_EDGE ( 'NONE', *, *, #1112, .T. ) ;
#1361 = CARTESIAN_POINT ( 'NONE',  ( -0.05000837675228347184, 0.01030183758322637810, -0.03188976377952756208 ) ) ;
#1362 = SURFACE_STYLE_USAGE ( .BOTH. , #733 ) ;
#1363 = LINE ( 'NONE', #1961, #578 ) ;
#1364 = B_SPLINE_CURVE_WITH_KNOTS ( 'NONE', 3,
 ( #510, #522, #62, #1149, #1621, #972 ),
 .UNSPECIFIED., .F., .F.,
 ( 4, 2, 4 ),
 ( 0.0000000000000000000, 0.2500000000000000000, 0.5000000000912835363 ),
 .UNSPECIFIED. ) ;
#1365 = DIRECTION ( 'NONE',  ( 0.0000000000000000000, 0.0000000000000000000, -1.000000000000000000 ) ) ;
#1366 = EDGE_CURVE ( 'NONE', #758, #967, #1818, .T. ) ;
#1367 = ORIENTED_EDGE ( 'NONE', *, *, #1940, .T. ) ;
#1368 = VECTOR ( 'NONE', #859, 39.37007874015748854 ) ;
#1369 = CARTESIAN_POINT ( 'NONE',  ( 0.03937007874015747977, 0.03740157480314960925, -0.1535433070866141780 ) ) ;
#1370 = COLOUR_RGB ( '',0.7568627450980391913, 0.7137254901960784492, 0.1960784313725490169 ) ;
#1371 = AXIS2_PLACEMENT_3D ( 'NONE', #1769, #1605, #392 ) ;
#1372 = DIMENSIONAL_EXPONENTS ( 1.000000000000000000, 0.0000000000000000000, 0.0000000000000000000, 0.0000000000000000000, 0.0000000000000000000, 0.0000000000000000000, 0.0000000000000000000 ) ;
#1373 = MECHANICAL_DESIGN_GEOMETRIC_PRESENTATION_REPRESENTATION (  '', ( #547 ), #1929 ) ;
#1374 = CIRCLE ( 'NONE', #324, 0.008858267716535431213 ) ;
#1375 = AXIS2_PLACEMENT_3D ( 'NONE', #312, #1850, #1864 ) ;
#1376 = EDGE_LOOP ( 'NONE', ( #1127, #45, #1776, #795 ) ) ;
#1377 = CARTESIAN_POINT ( 'NONE',  ( 0.0000000000000000000, 0.1131806124677231656, -0.04330708661417347755 ) ) ;
#1378 = LENGTH_MEASURE_WITH_UNIT ( LENGTH_MEASURE( 0.02539999999999999897 ), #613 );
#1379 = LINE ( 'NONE', #706, #429 ) ;
#1380 = DIRECTION ( 'NONE',  ( 0.0000000000000000000, 0.0000000000000000000, -1.000000000000000000 ) ) ;
#1381 = LINE ( 'NONE', #1223, #1690 ) ;
#1382 = SURFACE_SIDE_STYLE ('',( #1082 ) ) ;
#1383 = ORIENTED_EDGE ( 'NONE', *, *, #1162, .F. ) ;
#1384 = CARTESIAN_POINT ( 'NONE',  ( 0.03937007874015747283, 0.03740157480314960231, -0.03149606299212596300 ) ) ;
#1385 = DIRECTION ( 'NONE',  ( -1.224646799147353207E-16, 1.000000000000000000, 6.635236030068626028E-18 ) ) ;
#1386 = CARTESIAN_POINT ( 'NONE',  ( -0.05771486012368109986, 0.004724409448818898440, -0.03188976377952756208 ) ) ;
#1387 = EDGE_LOOP ( 'NONE', ( #581, #411, #40, #852 ) ) ;
#1388 = CARTESIAN_POINT ( 'NONE',  ( 0.05905511811025322688, -0.03740157480314960925, -0.03149606299212598381 ) ) ;
#1389 = DIRECTION ( 'NONE',  ( 1.000000000000000000, 0.0000000000000000000, 0.0000000000000000000 ) ) ;
#1390 = CARTESIAN_POINT ( 'NONE',  ( 0.02353648573400510605, 0.02817213137633209005, -0.03346456692913386127 ) ) ;
#1391 =( CONVERSION_BASED_UNIT ( 'INCH', #464 ) LENGTH_UNIT ( ) NAMED_UNIT ( #257 ) );
#1392 = ADVANCED_FACE ( 'NONE', ( #1344 ), #1107, .T. ) ;
#1393 = ORIENTED_EDGE ( 'NONE', *, *, #713, .T. ) ;
#1394 = DIRECTION ( 'NONE',  ( 0.0000000000000000000, 0.0000000000000000000, -1.000000000000000000 ) ) ;
#1395 = ORIENTED_EDGE ( 'NONE', *, *, #1917, .T. ) ;
#1396 = CARTESIAN_POINT ( 'NONE',  ( 0.03937007874015747977, -0.03740157480314960925, -0.03346456692913386127 ) ) ;
#1397 = CARTESIAN_POINT ( 'NONE',  ( -0.05905511811023622659, 0.0000000000000000000, -0.03149606299212598381 ) ) ;
#1398 = STYLED_ITEM ( 'NONE', ( #841 ), #339 ) ;
#1399 = CARTESIAN_POINT ( 'NONE',  ( 0.01846349299660236462, -0.01842519685039370123, -0.03346456692913386127 ) ) ;
#1400 = VECTOR ( 'NONE', #1238, 39.37007874015748854 ) ;
#1401 = VECTOR ( 'NONE', #321, 39.37007874015748143 ) ;
#1402 = COLOUR_RGB ( '',0.7568627450980391913, 0.7137254901960784492, 0.1960784313725490169 ) ;
#1403 = ORIENTED_EDGE ( 'NONE', *, *, #1823, .F. ) ;
#1404 = CARTESIAN_POINT ( 'NONE',  ( -0.05436421518722959340, 0.008661417329719402203, -0.03188976377952756208 ) ) ;
#1405 = VECTOR ( 'NONE', #1293, 39.37007874015748143 ) ;
#1406 = EDGE_CURVE ( 'NONE', #1832, #1459, #1041, .T. ) ;
#1407 = DIRECTION ( 'NONE',  ( 0.0000000000000000000, 0.0000000000000000000, -1.000000000000000000 ) ) ;
#1408 = VECTOR ( 'NONE', #361, 39.37007874015748143 ) ;
#1409 = ORIENTED_EDGE ( 'NONE', *, *, #772, .F. ) ;
#1410 = DIRECTION ( 'NONE',  ( 0.0000000000000000000, 1.000000000000000000, 0.0000000000000000000 ) ) ;
#1411 = CARTESIAN_POINT ( 'NONE',  ( 0.04859145041670041160, -0.02157605353533519066, -0.03346456692913386127 ) ) ;
#1412 = SURFACE_STYLE_FILL_AREA ( #928 ) ;
#1413 = ORIENTED_EDGE ( 'NONE', *, *, #471, .F. ) ;
#1414 = DIRECTION ( 'NONE',  ( -0.6996247187612567586, 0.7145104988019647108, 0.0000000000000000000 ) ) ;
#1415 = EDGE_CURVE ( 'NONE', #162, #1179, #1379, .T. ) ;
#1416 = ORIENTED_EDGE ( 'NONE', *, *, #1507, .T. ) ;
#1417 = LINE ( 'NONE', #35, #1243 ) ;
#1418 = LINE ( 'NONE', #961, #288 ) ;
#1419 = CARTESIAN_POINT ( 'NONE',  ( 0.0000000000000000000, -0.09941781272912744716, -0.04330708661417365796 ) ) ;
#1420 = CARTESIAN_POINT ( 'NONE',  ( 0.0000000000000000000, 0.0000000000000000000, -0.03149606299212598381 ) ) ;
#1421 = VERTEX_POINT ( 'NONE', #543 ) ;
#1422 =( NAMED_UNIT ( * ) PLANE_ANGLE_UNIT ( ) SI_UNIT ( $, .RADIAN. ) );
#1423 = FILL_AREA_STYLE_COLOUR ( '', #1138 ) ;
#1424 = CARTESIAN_POINT ( 'NONE',  ( 0.0000000000000000000, 0.0000000000000000000, 0.04330708661417323468 ) ) ;
#1425 = VERTEX_POINT ( 'NONE', #1013 ) ;
#1426 = FACE_OUTER_BOUND ( 'NONE', #364, .T. ) ;
#1427 = CARTESIAN_POINT ( 'NONE',  ( 0.05709232175837838930, 0.03273173585084640513, -0.03346456692913386821 ) ) ;
#1428 = CARTESIAN_POINT ( 'NONE',  ( -0.05570447315852362219, 0.007349081677714569723, -0.03188976377952756208 ) ) ;
#1429 = PRESENTATION_LAYER_ASSIGNMENT (  '', '', ( #776 ) ) ;
#1430 =( LENGTH_UNIT ( ) NAMED_UNIT ( * ) SI_UNIT ( $, .METRE. ) );
#1431 = CARTESIAN_POINT ( 'NONE',  ( 0.1889763779527554033, -0.09448818897637770164, -0.03845205475134421541 ) ) ;
#1432 = EDGE_LOOP ( 'NONE', ( #75, #1334, #525, #484, #1145, #1479, #1824, #955, #754, #258, #1244, #1032, #440, #1562, #1225, #630, #1253, #731, #737, #204, #860, #12, #963, #787 ) ) ;
#1433 = PLANE ( 'NONE',  #1143 ) ;
#1434 = CIRCLE ( 'NONE', #1203, 0.007874015748031905348 ) ;
#1435 = FILL_AREA_STYLE_COLOUR ( '', #1300 ) ;
#1436 = PLANE ( 'NONE',  #1959 ) ;
#1437 = UNCERTAINTY_MEASURE_WITH_UNIT (LENGTH_MEASURE( 1.000000000000000082E-05 ), #1450, 'distance_accuracy_value', 'NONE');
#1438 = VERTEX_POINT ( 'NONE', #242 ) ;
#1439 = DIRECTION ( 'NONE',  ( 2.167388928543064723E-16, 6.635236030079914289E-18, -1.000000000000000000 ) ) ;
#1440 = EDGE_CURVE ( 'NONE', #511, #1151, #880, .T. ) ;
#1441 = DIRECTION ( 'NONE',  ( 0.0000000000000000000, 0.0000000000000000000, -1.000000000000000000 ) ) ;
#1442 = DIRECTION ( 'NONE',  ( 0.0000000000000000000, 0.0000000000000000000, 1.000000000000000000 ) ) ;
#1443 = ORIENTED_EDGE ( 'NONE', *, *, #1639, .T. ) ;
#1444 = DIRECTION ( 'NONE',  ( 0.0000000000000000000, 0.0000000000000000000, -1.000000000000000000 ) ) ;
#1445 = DIRECTION ( 'NONE',  ( 0.0000000000000000000, -0.0000000000000000000, 1.000000000000000000 ) ) ;
#1446 = FACE_OUTER_BOUND ( 'NONE', #668, .T. ) ;
#1447 =( BOUNDED_CURVE ( )  B_SPLINE_CURVE ( 3, ( #275, #894, #1517, #746, #1377, #592, #1218 ),
 .UNSPECIFIED., .F., .T. ) 
 B_SPLINE_CURVE_WITH_KNOTS ( ( 4, 3, 4 ),
 ( 0.02126608872882561341, 0.5000000000000000000, 0.9787339112711658240 ),
 .UNSPECIFIED. ) 
 CURVE ( )  GEOMETRIC_REPRESENTATION_ITEM ( )  RATIONAL_B_SPLINE_CURVE ( ( 0.9743075028729875076, 0.7900785038902337076, 0.7986426695992379088, 1.000000000000000000, 0.7986426695992414615, 0.7900785038902340407, 0.9743075028729777376 ) ) 
 REPRESENTATION_ITEM ( '' )  );
#1448 = EDGE_CURVE ( 'NONE', #616, #774, #1332, .T. ) ;
#1449 = EDGE_CURVE ( 'NONE', #141, #542, #1434, .T. ) ;
#1450 =( CONVERSION_BASED_UNIT ( 'INCH', #1560 ) LENGTH_UNIT ( ) NAMED_UNIT ( #1660 ) );
#1451 = ORIENTED_EDGE ( 'NONE', *, *, #911, .T. ) ;
#1452 = DIRECTION ( 'NONE',  ( 0.0000000000000000000, 0.0000000000000000000, -1.000000000000000000 ) ) ;
#1453 = CARTESIAN_POINT ( 'NONE',  ( 0.04408375880617515508, 0.01968503937277591917, -0.03346456692913385433 ) ) ;
#1454 = DIRECTION ( 'NONE',  ( 0.0000000000000000000, 0.0000000000000000000, -1.000000000000000000 ) ) ;
#1455 = CARTESIAN_POINT ( 'NONE',  ( 0.0000000000000000000, 0.0000000000000000000, 0.04330708661417323468 ) ) ;
#1456 = UNCERTAINTY_MEASURE_WITH_UNIT (LENGTH_MEASURE( 1.000000000000000082E-05 ), #1969, 'distance_accuracy_value', 'NONE');
#1457 = AXIS2_PLACEMENT_3D ( 'NONE', #1681, #133, #937 ) ;
#1458 = CARTESIAN_POINT ( 'NONE',  ( 0.2263612249354462758, -0.1131806124677231379, -0.04330708661417347755 ) ) ;
#1459 = VERTEX_POINT ( 'NONE', #1705 ) ;
#1460 = CIRCLE ( 'NONE', #24, 0.008858267716535434683 ) ;
#1461 = DIRECTION ( 'NONE',  ( 0.0000000000000000000, 0.0000000000000000000, -1.000000000000000000 ) ) ;
#1462 = ADVANCED_FACE ( 'NONE', ( #189 ), #768, .T. ) ;
#1463 = PRESENTATION_LAYER_ASSIGNMENT (  '', '', ( #458 ) ) ;
#1464 = CARTESIAN_POINT ( 'NONE',  ( -0.1889763779527554033, 0.09448818897637770164, -0.03845205475134421541 ) ) ;
#1465 = PRESENTATION_STYLE_ASSIGNMENT (( #334 ) ) ;
#1466 = ORIENTED_EDGE ( 'NONE', *, *, #819, .T. ) ;
#1467 = DIRECTION ( 'NONE',  ( 0.8981380447712224990, 0.4397136028536362540, 0.0000000000000000000 ) ) ;
#1468 = VECTOR ( 'NONE', #1365, 39.37007874015748143 ) ;
#1469 =( LENGTH_UNIT ( ) NAMED_UNIT ( * ) SI_UNIT ( $, .METRE. ) );
#1470 = EDGE_LOOP ( 'NONE', ( #975, #1383, #418, #265 ) ) ;
#1471 = CARTESIAN_POINT ( 'NONE',  ( -0.01771653543307713519, 1.416595778509129561E-14, -0.03346456692913386821 ) ) ;
#1472 = CARTESIAN_POINT ( 'NONE',  ( -0.04833305445244000936, 0.006692913385822970782, -0.03169291338582677642 ) ) ;
#1473 = EDGE_CURVE ( 'NONE', #1577, #430, #919, .T. ) ;
#1474 = VERTEX_POINT ( 'NONE', #1388 ) ;
#1475 = DIRECTION ( 'NONE',  ( 0.8373790907136056116, -0.5466225923209312443, 0.0000000000000000000 ) ) ;
#1476 = DIRECTION ( 'NONE',  ( -0.2001233627146838390, 0.9797707077147015386, 0.0000000000000000000 ) ) ;
#1477 = VERTEX_POINT ( 'NONE', #480 ) ;
#1478 = CARTESIAN_POINT ( 'NONE',  ( 0.0000000000000000000, -0.1181102362204727724, -0.03149606299212599075 ) ) ;
#1479 = ORIENTED_EDGE ( 'NONE', *, *, #1504, .F. ) ;
#1480 = FACE_OUTER_BOUND ( 'NONE', #621, .T. ) ;
#1481 = LINE ( 'NONE', #1007, #1899 ) ;
#1482 = EDGE_CURVE ( 'NONE', #755, #399, #1616, .T. ) ;
#1483 = PRODUCT_DEFINITION ( 'UNKNOWN', '', #938, #835 ) ;
#1484 = LINE ( 'NONE', #105, #200 ) ;
#1485 = CARTESIAN_POINT ( 'NONE',  ( -0.2362204724409455725, -0.1181102362204727863, -0.03845205475134409745 ) ) ;
#1486 = CARTESIAN_POINT ( 'NONE',  ( -0.04833305445244077264, -0.01299212598425108015, -0.03188976377952755514 ) ) ;
#1487 = AXIS2_PLACEMENT_3D ( 'NONE', #1384, #176, #923 ) ;
#1488 = AXIS2_PLACEMENT_3D ( 'NONE', #485, #1559, #495 ) ;
#1489 = ORIENTED_EDGE ( 'NONE', *, *, #326, .F. ) ;
#1490 = AXIS2_PLACEMENT_3D ( 'NONE', #344, #965, #956 ) ;
#1491 = ORIENTED_EDGE ( 'NONE', *, *, #1658, .F. ) ;
#1492 = CARTESIAN_POINT ( 'NONE',  ( 0.0000000000000000000, 0.1181102362204727724, -0.03149606299212599075 ) ) ;
#1493 = MECHANICAL_DESIGN_GEOMETRIC_PRESENTATION_REPRESENTATION (  '', ( #973 ), #1528 ) ;
#1494 = DIRECTION ( 'NONE',  ( 0.5466225923209312443, 0.8373790907136056116, 0.0000000000000000000 ) ) ;
#1495 = CIRCLE ( 'NONE', #1001, 0.01968503937008002011 ) ;
#1496 = UNCERTAINTY_MEASURE_WITH_UNIT (LENGTH_MEASURE( 1.000000000000000082E-05 ), #1391, 'distance_accuracy_value', 'NONE');
#1497 = CARTESIAN_POINT ( 'NONE',  ( -0.05101357013220154946, 0.006036746032597776861, -0.03149606299212599075 ) ) ;
#1498 = ORIENTED_EDGE ( 'NONE', *, *, #1296, .T. ) ;
#1499 =( NAMED_UNIT ( * ) PLANE_ANGLE_UNIT ( ) SI_UNIT ( $, .RADIAN. ) );
#1500 = CARTESIAN_POINT ( 'NONE',  ( 0.0000000000000000000, -0.1131806124677231656, -0.04330708661417347755 ) ) ;
#1501 = DIRECTION ( 'NONE',  ( 0.8265991871197991836, -0.5627910658964720980, 0.0000000000000000000 ) ) ;
#1502 = ORIENTED_EDGE ( 'NONE', *, *, #750, .F. ) ;
#1503 = VERTEX_POINT ( 'NONE', #146 ) ;
#1504 = EDGE_CURVE ( 'NONE', #343, #1164, #952, .T. ) ;
#1505 = CARTESIAN_POINT ( 'NONE',  ( -0.04833305445242560422, 0.01062992125984252995, -0.03149606299212599075 ) ) ;
#1506 = ORIENTED_EDGE ( 'NONE', *, *, #436, .T. ) ;
#1507 = EDGE_CURVE ( 'NONE', #141, #1331, #934, .T. ) ;
#1508 = DIRECTION ( 'NONE',  ( 0.0000000000000000000, 0.0000000000000000000, 1.000000000000000000 ) ) ;
#1509 = LINE ( 'NONE', #1637, #1368 ) ;
#1510 = EDGE_LOOP ( 'NONE', ( #1843, #1677, #1139, #1933 ) ) ;
#1511 = CARTESIAN_POINT ( 'NONE',  ( 0.02354455747108294764, -0.02818020312784942985, -0.03346456692913386821 ) ) ;
#1512 = DIRECTION ( 'NONE',  ( 0.5627910658963617418, -0.8265991871198741237, 0.0000000000000000000 ) ) ;
#1513 =( CONVERSION_BASED_UNIT ( 'INCH', #729 ) LENGTH_UNIT ( ) NAMED_UNIT ( #1190 ) );
#1514 = FILL_AREA_STYLE_COLOUR ( '', #549 ) ;
#1515 = DIMENSIONAL_EXPONENTS ( 1.000000000000000000, 0.0000000000000000000, 0.0000000000000000000, 0.0000000000000000000, 0.0000000000000000000, 0.0000000000000000000, 0.0000000000000000000 ) ;
#1516 = VERTEX_POINT ( 'NONE', #319 ) ;
#1517 = CARTESIAN_POINT ( 'NONE',  ( 0.0000000000000000000, 0.09941781272912744716, -0.04330708661417365796 ) ) ;
#1518 = DIRECTION ( 'NONE',  ( 0.0000000000000000000, 0.0000000000000000000, 1.000000000000000000 ) ) ;
#1519 = LENGTH_MEASURE_WITH_UNIT ( LENGTH_MEASURE( 0.02539999999999999897 ), #917 );
#1520 = EDGE_CURVE ( 'NONE', #874, #758, #1804, .T. ) ;
#1521 = CARTESIAN_POINT ( 'NONE',  ( 0.03051181102362204856, -0.03740157480314960925, -0.03346456692913386127 ) ) ;
#1522 = CARTESIAN_POINT ( 'NONE',  ( -0.05469927966125983504, 0.001443569397363248441, -0.03188976377952756208 ) ) ;
#1523 = CIRCLE ( 'NONE', #1613, 0.001968503937007815008 ) ;
#1524 = DIRECTION ( 'NONE',  ( 0.0000000000000000000, 0.0000000000000000000, -1.000000000000000000 ) ) ;
#1525 = MECHANICAL_DESIGN_GEOMETRIC_PRESENTATION_REPRESENTATION (  '', ( #389 ), #1236 ) ;
#1526 = LENGTH_MEASURE_WITH_UNIT ( LENGTH_MEASURE( 0.02539999999999999897 ), #39 );
#1527 = PRESENTATION_LAYER_ASSIGNMENT (  '', '', ( #1900 ) ) ;
#1528 =( GEOMETRIC_REPRESENTATION_CONTEXT ( 3 ) GLOBAL_UNCERTAINTY_ASSIGNED_CONTEXT ( ( #1970 ) ) GLOBAL_UNIT_ASSIGNED_CONTEXT ( ( #7, #1573, #648 ) ) REPRESENTATION_CONTEXT ( 'NONE', 'WORKASPACE' ) );
#1529 = ORIENTED_EDGE ( 'NONE', *, *, #434, .F. ) ;
#1530 = DIRECTION ( 'NONE',  ( -0.0000000000000000000, -1.000000000000000000, -0.0000000000000000000 ) ) ;
#1531 = DIRECTION ( 'NONE',  ( -1.000000000000000000, 0.0000000000000000000, 0.0000000000000000000 ) ) ;
#1532 = VERTEX_POINT ( 'NONE', #1232 ) ;
#1533 = FACE_OUTER_BOUND ( 'NONE', #308, .T. ) ;
#1534 = EDGE_CURVE ( 'NONE', #16, #1004, #460, .T. ) ;
#1535 = DIRECTION ( 'NONE',  ( 1.000000000000000000, 0.0000000000000000000, 0.0000000000000000000 ) ) ;
#1536 = LINE ( 'NONE', #473, #810 ) ;
#1537 = FILL_AREA_STYLE_COLOUR ( '', #1619 ) ;
#1538 = ORIENTED_EDGE ( 'NONE', *, *, #1752, .T. ) ;
#1539 = LINE ( 'NONE', #602, #1400 ) ;
#1540 = FILL_AREA_STYLE ('',( #127 ) ) ;
#1541 = ORIENTED_EDGE ( 'NONE', *, *, #89, .T. ) ;
#1542 = CARTESIAN_POINT ( 'NONE',  ( 0.0000000000000000000, 0.0000000000000000000, -0.03149606299212598381 ) ) ;
#1543 = LINE ( 'NONE', #1397, #1768 ) ;
#1544 = PLANE ( 'NONE',  #1842 ) ;
#1545 = EDGE_CURVE ( 'NONE', #1179, #92, #940, .T. ) ;
#1546 = EDGE_CURVE ( 'NONE', #247, #967, #1460, .T. ) ;
#1547 =( NAMED_UNIT ( * ) SI_UNIT ( $, .STERADIAN. ) SOLID_ANGLE_UNIT ( ) );
#1548 = PRESENTATION_STYLE_ASSIGNMENT (( #1083 ) ) ;
#1549 = VERTEX_POINT ( 'NONE', #626 ) ;
#1550 = DIRECTION ( 'NONE',  ( -0.5627910658964720980, -0.8265991871197991836, 0.0000000000000000000 ) ) ;
#1551 = CARTESIAN_POINT ( 'NONE',  ( 0.03937007874015277520, -0.01968503937006916421, -0.03346456692913381270 ) ) ;
#1552 = CARTESIAN_POINT ( 'NONE',  ( -0.02755905511811023931, 0.01062992125984252301, -0.03188976377952756902 ) ) ;
#1553 = CIRCLE ( 'NONE', #1129, 0.01968503937008002705 ) ;
#1554 = AXIS2_PLACEMENT_3D ( 'NONE', #1910, #1284, #997 ) ;
#1555 = CIRCLE ( 'NONE', #935, 0.09448818897637764613 ) ;
#1556 = ADVANCED_FACE ( 'NONE', ( #1254 ), #1975, .T. ) ;
#1557 = CIRCLE ( 'NONE', #1651, 0.008858267716535434683 ) ;
#1558 = ORIENTED_EDGE ( 'NONE', *, *, #314, .T. ) ;
#1559 = DIRECTION ( 'NONE',  ( 2.167388928541335639E-16, 6.635236030068652221E-18, -1.000000000000000000 ) ) ;
#1560 = LENGTH_MEASURE_WITH_UNIT ( LENGTH_MEASURE( 0.02539999999999999897 ), #1728 );
#1561 = AXIS2_PLACEMENT_3D ( 'NONE', #1542, #1848, #487 ) ;
#1562 = ORIENTED_EDGE ( 'NONE', *, *, #1545, .F. ) ;
#1563 = DIRECTION ( 'NONE',  ( 0.0000000000000000000, 0.0000000000000000000, -1.000000000000000000 ) ) ;
#1564 =( CONVERSION_BASED_UNIT ( 'INCH', #815 ) LENGTH_UNIT ( ) NAMED_UNIT ( #595 ) );
#1565 = CARTESIAN_POINT ( 'NONE',  ( -0.01968503937008002705, 0.0000000000000000000, -0.03149606299212598381 ) ) ;
#1566 = CARTESIAN_POINT ( 'NONE',  ( 0.02165925089222398014, 0.03273173583888336347, -0.03346456692913386821 ) ) ;
#1567 = ORIENTED_EDGE ( 'NONE', *, *, #1767, .F. ) ;
#1568 = DIRECTION ( 'NONE',  ( 0.2001233901927030878, 0.9797707021021699880, 0.0000000000000000000 ) ) ;
#1569 = ORIENTED_EDGE ( 'NONE', *, *, #785, .T. ) ;
#1570 = CARTESIAN_POINT ( 'NONE',  ( 0.1102362204724229994, 0.0000000000000000000, 0.03543307086614171791 ) ) ;
#1571 = EDGE_CURVE ( 'NONE', #1297, #1288, #1417, .T. ) ;
#1572 = CARTESIAN_POINT ( 'NONE',  ( 0.05783357173677165092, -0.05582677165354330701, -0.03346456692913386127 ) ) ;
#1573 =( NAMED_UNIT ( * ) PLANE_ANGLE_UNIT ( ) SI_UNIT ( $, .RADIAN. ) );
#1574 = ORIENTED_EDGE ( 'NONE', *, *, #1321, .F. ) ;
#1575 = EDGE_LOOP ( 'NONE', ( #1755, #1056, #724, #672, #1909 ) ) ;
#1576 = FACE_OUTER_BOUND ( 'NONE', #1275, .T. ) ;
#1577 = VERTEX_POINT ( 'NONE', #1079 ) ;
#1578 = FACE_BOUND ( 'NONE', #376, .T. ) ;
#1579 = CARTESIAN_POINT ( 'NONE',  ( 0.05708661417325033849, 0.03740157480313543309, -0.03346456692913386821 ) ) ;
#1580 = EDGE_CURVE ( 'NONE', #774, #793, #1862, .T. ) ;
#1581 = CARTESIAN_POINT ( 'NONE',  ( 0.03937007874627541926, -0.05511811023623006123, -0.03346456692913381270 ) ) ;
#1582 = VERTEX_POINT ( 'NONE', #1695 ) ;
#1583 = VECTOR ( 'NONE', #887, 39.37007874015748143 ) ;
#1584 = PRESENTATION_LAYER_ASSIGNMENT (  '', '', ( #389 ) ) ;
#1585 = COLOUR_RGB ( '',0.3490196078431372362, 0.7568627450980391913, 0.2431372549019607809 ) ;
#1586 =( GEOMETRIC_REPRESENTATION_CONTEXT ( 3 ) GLOBAL_UNCERTAINTY_ASSIGNED_CONTEXT ( ( #680 ) ) GLOBAL_UNIT_ASSIGNED_CONTEXT ( ( #1049, #1059, #1633 ) ) REPRESENTATION_CONTEXT ( 'NONE', 'WORKASPACE' ) );
#1587 = FACE_OUTER_BOUND ( 'NONE', #1132, .T. ) ;
#1588 = CARTESIAN_POINT ( 'NONE',  ( 0.0000000000000000000, 0.09941781272912744716, -0.04330708661417364408 ) ) ;
#1589 = AXIS2_PLACEMENT_3D ( 'NONE', #883, #1183, #1924 ) ;
#1590 = ORIENTED_EDGE ( 'NONE', *, *, #674, .T. ) ;
#1591 = DIRECTION ( 'NONE',  ( 0.0000000000000000000, 1.000000000000000000, 0.0000000000000000000 ) ) ;
#1592 =( GEOMETRIC_REPRESENTATION_CONTEXT ( 3 ) GLOBAL_UNCERTAINTY_ASSIGNED_CONTEXT ( ( #1051 ) ) GLOBAL_UNIT_ASSIGNED_CONTEXT ( ( #1706, #182, #1699 ) ) REPRESENTATION_CONTEXT ( 'NONE', 'WORKASPACE' ) );
#1593 = CARTESIAN_POINT ( 'NONE',  ( -0.1889763779527552923, 0.09448818897637764613, -0.03149606299212597688 ) ) ;
#1594 = DIRECTION ( 'NONE',  ( -1.000000000000000000, 0.0000000000000000000, 0.0000000000000000000 ) ) ;
#1595 = ORIENTED_EDGE ( 'NONE', *, *, #1061, .T. ) ;
#1596 = DIRECTION ( 'NONE',  ( -0.4397136028536363095, 0.8981380447712226101, 0.0000000000000000000 ) ) ;
#1597 = ORIENTED_EDGE ( 'NONE', *, *, #1036, .F. ) ;
#1598 =( CONVERSION_BASED_UNIT ( 'INCH', #1908 ) LENGTH_UNIT ( ) NAMED_UNIT ( #416 ) );
#1599 = ADVANCED_FACE ( 'NONE', ( #1533 ), #5, .F. ) ;
#1600 = FACE_OUTER_BOUND ( 'NONE', #1470, .T. ) ;
#1601 = ORIENTED_EDGE ( 'NONE', *, *, #1415, .T. ) ;
#1602 = FACE_OUTER_BOUND ( 'NONE', #53, .T. ) ;
#1603 = FILL_AREA_STYLE ('',( #1435 ) ) ;
#1604 = ORIENTED_EDGE ( 'NONE', *, *, #661, .F. ) ;
#1605 = DIRECTION ( 'NONE',  ( 0.2377712989829644796, 0.9713211669576411467, 0.0000000000000000000 ) ) ;
#1606 = ORIENTED_EDGE ( 'NONE', *, *, #1780, .F. ) ;
#1607 = CARTESIAN_POINT ( 'NONE',  ( -0.05436421520128521812, 0.002755905511807444849, -0.03169291338582677642 ) ) ;
#1608 = CARTESIAN_POINT ( 'NONE',  ( 0.0000000000000000000, -0.1062992125984253550, -0.04330708661417356775 ) ) ;
#1609 = FACE_OUTER_BOUND ( 'NONE', #1851, .T. ) ;
#1610 = ORIENTED_EDGE ( 'NONE', *, *, #187, .T. ) ;
#1611 =( NAMED_UNIT ( * ) SI_UNIT ( $, .STERADIAN. ) SOLID_ANGLE_UNIT ( ) );
#1612 = EDGE_CURVE ( 'NONE', #1878, #820, #534, .T. ) ;
#1613 = AXIS2_PLACEMENT_3D ( 'NONE', #751, #6, #1380 ) ;
#1614 = CARTESIAN_POINT ( 'NONE',  ( 0.2263612249354462758, 0.1131806124677231379, -0.04330708661417347755 ) ) ;
#1615 = EDGE_LOOP ( 'NONE', ( #289, #1443, #1894, #1753 ) ) ;
#1616 = CIRCLE ( 'NONE', #227, 0.1181102362204727724 ) ;
#1617 = CARTESIAN_POINT ( 'NONE',  ( -0.05503434412122047009, 0.0001312332829152756204, -0.03169291338582677642 ) ) ;
#1618 = CIRCLE ( 'NONE', #323, 0.1102362204724409434 ) ;
#1619 = COLOUR_RGB ( '',1.000000000000000000, 0.9333333333333333481, 1.000000000000000000 ) ;
#1620 = VECTOR ( 'NONE', #662, 39.37007874015748854 ) ;
#1621 = CARTESIAN_POINT ( 'NONE',  ( -0.01771082784793397494, -0.004669838964265620417, -0.03346456692913386821 ) ) ;
#1622 = AXIS2_PLACEMENT_3D ( 'NONE', #752, #1968, #449 ) ;
#1623 = EDGE_LOOP ( 'NONE', ( #32, #1942, #1506, #946 ) ) ;
#1624 = DIRECTION ( 'NONE',  ( 0.0000000000000000000, 1.000000000000000000, 0.0000000000000000000 ) ) ;
#1625 = FACE_OUTER_BOUND ( 'NONE', #1211, .T. ) ;
#1626 = ORIENTED_EDGE ( 'NONE', *, *, #1662, .T. ) ;
#1627 =( NAMED_UNIT ( * ) PLANE_ANGLE_UNIT ( ) SI_UNIT ( $, .RADIAN. ) );
#1628 = CARTESIAN_POINT ( 'NONE',  ( 0.0000000000000000000, 0.1062992125984253550, -0.04330708661417356775 ) ) ;
#1629 = EDGE_CURVE ( 'NONE', #980, #690, #507, .T. ) ;
#1630 = ORIENTED_EDGE ( 'NONE', *, *, #1858, .F. ) ;
#1631 = LINE ( 'NONE', #1180, #517 ) ;
#1632 = DIRECTION ( 'NONE',  ( -1.000000000000000000, 0.0000000000000000000, 0.0000000000000000000 ) ) ;
#1633 =( NAMED_UNIT ( * ) SI_UNIT ( $, .STERADIAN. ) SOLID_ANGLE_UNIT ( ) );
#1634 = ORIENTED_EDGE ( 'NONE', *, *, #126, .F. ) ;
#1635 = CARTESIAN_POINT ( 'NONE',  ( -0.05424790360114171983, 0.003211459387645670179, -0.03149606299212598381 ) ) ;
#1636 = CARTESIAN_POINT ( 'NONE',  ( 0.03051181102362205202, 0.03740157480314960925, -0.1535433070866141780 ) ) ;
#1637 = CARTESIAN_POINT ( 'NONE',  ( -0.05201876351212597616, 0.005380577740706693132, -0.03188976377952756208 ) ) ;
#1638 = ORIENTED_EDGE ( 'NONE', *, *, #1123, .T. ) ;
#1639 = EDGE_CURVE ( 'NONE', #1516, #1795, #234, .T. ) ;
#1640 = EDGE_LOOP ( 'NONE', ( #1403, #702, #318, #685 ) ) ;
#1641 = CARTESIAN_POINT ( 'NONE',  ( -0.05201876351214566874, -0.007742782230452755973, -0.03188976377952756208 ) ) ;
#1642 = CARTESIAN_POINT ( 'NONE',  ( 0.0000000000000000000, 0.1131806124677231656, -0.04330708661417347755 ) ) ;
#1643 = VERTEX_POINT ( 'NONE', #221 ) ;
#1644 =( NAMED_UNIT ( * ) SI_UNIT ( $, .STERADIAN. ) SOLID_ANGLE_UNIT ( ) );
#1645 = VECTOR ( 'NONE', #1394, 39.37007874015748143 ) ;
#1646 = CARTESIAN_POINT ( 'NONE',  ( -0.004713680057584624175, 0.01771653543307088671, -0.03346456692913386821 ) ) ;
#1647 = FILL_AREA_STYLE ('',( #1803 ) ) ;
#1648 = VECTOR ( 'NONE', #1530, 39.37007874015748143 ) ;
#1649 = AXIS2_PLACEMENT_3D ( 'NONE', #410, #1027, #256 ) ;
#1650 = CARTESIAN_POINT ( 'NONE',  ( 0.01771653543307223286, 2.169649841009257511E-18, -0.03149606299212598381 ) ) ;
#1651 = AXIS2_PLACEMENT_3D ( 'NONE', #629, #1700, #1979 ) ;
#1652 = ORIENTED_EDGE ( 'NONE', *, *, #1545, .T. ) ;
#1653 = CARTESIAN_POINT ( 'NONE',  ( 0.05708661417325033849, 0.03740157480313543309, -0.03346456692913386821 ) ) ;
#1654 = EDGE_CURVE ( 'NONE', #1023, #793, #76, .T. ) ;
#1655 = VECTOR ( 'NONE', #1793, 39.37007874015748143 ) ;
#1656 =( NAMED_UNIT ( * ) SI_UNIT ( $, .STERADIAN. ) SOLID_ANGLE_UNIT ( ) );
#1657 = PRESENTATION_STYLE_ASSIGNMENT (( #740 ) ) ;
#1658 = EDGE_CURVE ( 'NONE', #1309, #475, #686, .T. ) ;
#1659 = FACE_BOUND ( 'NONE', #183, .T. ) ;
#1660 = DIMENSIONAL_EXPONENTS ( 1.000000000000000000, 0.0000000000000000000, 0.0000000000000000000, 0.0000000000000000000, 0.0000000000000000000, 0.0000000000000000000, 0.0000000000000000000 ) ;
#1661 = ORIENTED_EDGE ( 'NONE', *, *, #1780, .T. ) ;
#1662 = EDGE_CURVE ( 'NONE', #1297, #162, #67, .T. ) ;
#1663 = SURFACE_STYLE_FILL_AREA ( #718 ) ;
#1664 = DIRECTION ( 'NONE',  ( -1.000000000000000000, 0.0000000000000000000, 0.0000000000000000000 ) ) ;
#1665 = VERTEX_POINT ( 'NONE', #194 ) ;
#1666 = CARTESIAN_POINT ( 'NONE',  ( 0.02165354330706462105, -0.03740157480313544697, -0.03346456692913386821 ) ) ;
#1667 = CARTESIAN_POINT ( 'NONE',  ( 0.03937007874627545395, 0.01968503937007231447, -0.03346456692913381270 ) ) ;
#1668 = ADVANCED_FACE ( 'NONE', ( #371 ), #1433, .T. ) ;
#1669 = VERTEX_POINT ( 'NONE', #655 ) ;
#1670 = LENGTH_MEASURE_WITH_UNIT ( LENGTH_MEASURE( 0.02539999999999999897 ), #1185 );
#1671 = DIRECTION ( 'NONE',  ( 1.000000000000000000, 0.0000000000000000000, 0.0000000000000000000 ) ) ;
#1672 =( NAMED_UNIT ( * ) PLANE_ANGLE_UNIT ( ) SI_UNIT ( $, .RADIAN. ) );
#1673 = DIMENSIONAL_EXPONENTS ( 1.000000000000000000, 0.0000000000000000000, 0.0000000000000000000, 0.0000000000000000000, 0.0000000000000000000, 0.0000000000000000000, 0.0000000000000000000 ) ;
#1674 = DIRECTION ( 'NONE',  ( 0.0000000000000000000, -1.000000000000000000, 0.0000000000000000000 ) ) ;
#1675 = LINE ( 'NONE', #864, #202 ) ;
#1676 = LENGTH_MEASURE_WITH_UNIT ( LENGTH_MEASURE( 0.02539999999999999897 ), #252 );
#1677 = ORIENTED_EDGE ( 'NONE', *, *, #177, .T. ) ;
#1678 = CARTESIAN_POINT ( 'NONE',  ( 0.0000000000000000000, 0.0000000000000000000, -0.03149606299212599075 ) ) ;
#1679 = EDGE_CURVE ( 'NONE', #475, #774, #1875, .T. ) ;
#1680 = CARTESIAN_POINT ( 'NONE',  ( -0.02692913385826771824, -0.01346456692913385912, -0.03188976377952756208 ) ) ;
#1681 = CARTESIAN_POINT ( 'NONE',  ( 0.03937007874015747977, -0.03740157480314960925, -0.03346456692913386127 ) ) ;
#1682 = CARTESIAN_POINT ( 'NONE',  ( 0.03937007874015747977, -0.03740157480314960925, -0.1535433070866141780 ) ) ;
#1683 = CARTESIAN_POINT ( 'NONE',  ( -0.05436421520486216241, 0.002755905497815220370, -0.03188976377952755514 ) ) ;
#1684 = CIRCLE ( 'NONE', #1069, 0.01968503937009573670 ) ;
#1685 = DIRECTION ( 'NONE',  ( 0.0000000000000000000, 1.000000000000000000, 0.0000000000000000000 ) ) ;
#1686 = AXIS2_PLACEMENT_3D ( 'NONE', #583, #1208, #593 ) ;
#1687 = FACE_OUTER_BOUND ( 'NONE', #813, .T. ) ;
#1688 = PRESENTATION_LAYER_ASSIGNMENT (  '', '', ( #1965 ) ) ;
#1689 = ORIENTED_EDGE ( 'NONE', *, *, #1534, .F. ) ;
#1690 = VECTOR ( 'NONE', #266, 39.37007874015748143 ) ;
#1691 = VERTEX_POINT ( 'NONE', #981 ) ;
#1692 = CARTESIAN_POINT ( 'NONE',  ( -0.04833305445244075182, -0.009055118110235432782, -0.03188976377952756208 ) ) ;
#1693 = DIRECTION ( 'NONE',  ( 0.0000000000000000000, 0.0000000000000000000, 1.000000000000000000 ) ) ;
#1694 = EDGE_LOOP ( 'NONE', ( #1262, #1491, #1395, #893 ) ) ;
#1695 = CARTESIAN_POINT ( 'NONE',  ( -0.04833305445243225168, 0.006692913385824872038, -0.03149606299212599075 ) ) ;
#1696 = ADVANCED_BREP_SHAPE_REPRESENTATION ( 'CUI_DEVICES_CMC-6022-42P', ( #1249, #1869 ), #229 ) ;
#1697 = ADVANCED_FACE ( 'NONE', ( #1426 ), #347, .F. ) ;
#1698 = CARTESIAN_POINT ( 'NONE',  ( -0.05704473111574581007, -0.008398950287674874018, -0.03149606299212598381 ) ) ;
#1699 =( NAMED_UNIT ( * ) SI_UNIT ( $, .STERADIAN. ) SOLID_ANGLE_UNIT ( ) );
#1700 = DIRECTION ( 'NONE',  ( 0.0000000000000000000, 0.0000000000000000000, -1.000000000000000000 ) ) ;
#1701 = ORIENTED_EDGE ( 'NONE', *, *, #1226, .T. ) ;
#1702 = FACE_OUTER_BOUND ( 'NONE', #1292, .T. ) ;
#1703 = LINE ( 'NONE', #766, #320 ) ;
#1704 = ORIENTED_EDGE ( 'NONE', *, *, #187, .F. ) ;
#1705 = CARTESIAN_POINT ( 'NONE',  ( 0.01771653543307713519, -1.416607735924189571E-14, -0.03346456692913386127 ) ) ;
#1706 =( CONVERSION_BASED_UNIT ( 'INCH', #31 ) LENGTH_UNIT ( ) NAMED_UNIT ( #856 ) );
#1707 = SURFACE_STYLE_FILL_AREA ( #1235 ) ;
#1708 = ORIENTED_EDGE ( 'NONE', *, *, #287, .T. ) ;
#1709 = FACE_OUTER_BOUND ( 'NONE', #633, .T. ) ;
#1710 = VERTEX_POINT ( 'NONE', #59 ) ;
#1711 = LINE ( 'NONE', #627, #739 ) ;
#1712 = FACE_OUTER_BOUND ( 'NONE', #1187, .T. ) ;
#1713 = COLOUR_RGB ( '',0.7568627450980391913, 0.7137254901960784492, 0.1960784313725490169 ) ;
#1714 = FILL_AREA_STYLE_COLOUR ( '', #1171 ) ;
#1715 = VECTOR ( 'NONE', #1019, 39.37007874015748143 ) ;
#1716 = STYLED_ITEM ( 'NONE', ( #1865 ), #974 ) ;
#1717 = EDGE_CURVE ( 'NONE', #690, #337, #665, .T. ) ;
#1718 = ORIENTED_EDGE ( 'NONE', *, *, #314, .F. ) ;
#1719 =( GEOMETRIC_REPRESENTATION_CONTEXT ( 3 ) GLOBAL_UNCERTAINTY_ASSIGNED_CONTEXT ( ( #1813 ) ) GLOBAL_UNIT_ASSIGNED_CONTEXT ( ( #1598, #1015, #377 ) ) REPRESENTATION_CONTEXT ( 'NONE', 'WORKASPACE' ) );
#1720 = B_SPLINE_CURVE_WITH_KNOTS ( 'NONE', 3,
 ( #1784, #1048, #1025, #1198, #1346, #1653 ),
 .UNSPECIFIED., .F., .F.,
 ( 4, 2, 4 ),
 ( 0.0000000000000000000, 0.2500000000000001110, 0.5000000000913021880 ),
 .UNSPECIFIED. ) ;
#1721 = CARTESIAN_POINT ( 'NONE',  ( -0.05503434412122396729, -0.002493438007325696204, -0.03188976377952756208 ) ) ;
#1722 = CARTESIAN_POINT ( 'NONE',  ( -0.1889763779527554033, -0.09448818897637770164, -0.03845205475134421541 ) ) ;
#1723 = VERTEX_POINT ( 'NONE', #205 ) ;
#1724 = CARTESIAN_POINT ( 'NONE',  ( 0.01771653543307713519, -1.416607735924189571E-14, -0.03346456692913386127 ) ) ;
#1725 = SURFACE_STYLE_USAGE ( .BOTH. , #1224 ) ;
#1726 = FACE_BOUND ( 'NONE', #331, .T. ) ;
#1727 = CARTESIAN_POINT ( 'NONE',  ( -0.05872005362092520137, -0.004133858033053149431, -0.03188976377952756208 ) ) ;
#1728 =( LENGTH_UNIT ( ) NAMED_UNIT ( * ) SI_UNIT ( $, .METRE. ) );
#1729 = ORIENTED_EDGE ( 'NONE', *, *, #126, .T. ) ;
#1730 = CARTESIAN_POINT ( 'NONE',  ( -0.05061986152330708033, 0.006293750416590551851, -0.03189763779527559490 ) ) ;
#1731 = DIRECTION ( 'NONE',  ( -0.9813591334132629740, 0.1921828589296392387, 0.0000000000000000000 ) ) ;
#1732 = CARTESIAN_POINT ( 'NONE',  ( 6.116849462907409701E-12, -0.01771653543307101161, -0.03346456692913381964 ) ) ;
#1733 = DIRECTION ( 'NONE',  ( 1.000000000000000000, 0.0000000000000000000, 0.0000000000000000000 ) ) ;
#1734 = ORIENTED_EDGE ( 'NONE', *, *, #1279, .T. ) ;
#1735 = CARTESIAN_POINT ( 'NONE',  ( 0.0000000000000000000, -0.09941781272912744716, -0.04330708661417364408 ) ) ;
#1736 = ADVANCED_FACE ( 'NONE', ( #1289 ), #516, .F. ) ;
#1737 = ORIENTED_EDGE ( 'NONE', *, *, #1123, .F. ) ;
#1738 = CARTESIAN_POINT ( 'NONE',  ( 0.04822834645669291098, 0.03740157480314960925, -0.03346456692913386127 ) ) ;
#1739 = SURFACE_STYLE_USAGE ( .BOTH. , #340 ) ;
#1740 = LENGTH_MEASURE_WITH_UNIT ( LENGTH_MEASURE( 0.02539999999999999897 ), #953 );
#1741 = CARTESIAN_POINT ( 'NONE',  ( -0.05704473111574780847, 0.006036746032594261444, -0.03169291338582677642 ) ) ;
#1742 = EDGE_LOOP ( 'NONE', ( #933, #233, #1652, #316 ) ) ;
#1743 = DIRECTION ( 'NONE',  ( 0.0000000000000000000, 0.0000000000000000000, -1.000000000000000000 ) ) ;
#1744 = MECHANICAL_DESIGN_GEOMETRIC_PRESENTATION_REPRESENTATION (  '', ( #359 ), #18 ) ;
#1745 = LINE ( 'NONE', #1251, #1620 ) ;
#1746 = CARTESIAN_POINT ( 'NONE',  ( 0.0000000000000000000, 0.09448818897637761838, -0.03845205475134422235 ) ) ;
#1747 = ORIENTED_EDGE ( 'NONE', *, *, #569, .F. ) ;
#1748 = DIRECTION ( 'NONE',  ( -0.8981381301622466395, 0.4397134284379581315, 0.0000000000000000000 ) ) ;
#1749 = VECTOR ( 'NONE', #437, 39.37007874015748143 ) ;
#1750 = CARTESIAN_POINT ( 'NONE',  ( -0.05503434412122747837, -0.002493438007355778478, -0.03149606299212599075 ) ) ;
#1751 = CARTESIAN_POINT ( 'NONE',  ( 0.0000000000000000000, 0.0000000000000000000, -0.03149606299212598381 ) ) ;
#1752 = EDGE_CURVE ( 'NONE', #1164, #90, #1310, .T. ) ;
#1753 = ORIENTED_EDGE ( 'NONE', *, *, #11, .F. ) ;
#1754 = CARTESIAN_POINT ( 'NONE',  ( -0.05101357011780369155, -0.008398950291209694025, -0.03188976377952756208 ) ) ;
#1755 = ORIENTED_EDGE ( 'NONE', *, *, #660, .F. ) ;
#1756 = DIRECTION ( 'NONE',  ( 0.9689177247614170208, -0.2473831898960778541, 0.0000000000000000000 ) ) ;
#1757 = ORIENTED_EDGE ( 'NONE', *, *, #599, .F. ) ;
#1758 = DIRECTION ( 'NONE',  ( 0.0000000000000000000, 0.0000000000000000000, 1.000000000000000000 ) ) ;
#1759 = ORIENTED_EDGE ( 'NONE', *, *, #531, .F. ) ;
#1760 = ADVANCED_FACE ( 'NONE', ( #1602 ), #828, .F. ) ;
#1761 = CARTESIAN_POINT ( 'NONE',  ( 0.09836614636200788353, -0.09826771653543305007, -0.03149606299212598381 ) ) ;
#1762 = ORIENTED_EDGE ( 'NONE', *, *, #1440, .F. ) ;
#1763 = DIRECTION ( 'NONE',  ( 0.4397134284379581315, 0.8981381301622466395, 0.0000000000000000000 ) ) ;
#1764 = CARTESIAN_POINT ( 'NONE',  ( 0.2362204724409455725, -0.1181102362204727863, -0.03845205475134409745 ) ) ;
#1765 = DIRECTION ( 'NONE',  ( 0.0000000000000000000, 0.0000000000000000000, 1.000000000000000000 ) ) ;
#1766 = FILL_AREA_STYLE_COLOUR ( '', #1585 ) ;
#1767 = EDGE_CURVE ( 'NONE', #1710, #1012, #1495, .T. ) ;
#1768 = VECTOR ( 'NONE', #912, 39.37007874015748143 ) ;
#1769 = CARTESIAN_POINT ( 'NONE',  ( -0.05147025402909447683, -0.008287157888748031623, -0.03148818897637795794 ) ) ;
#1770 = ORIENTED_EDGE ( 'NONE', *, *, #1077, .T. ) ;
#1771 = LENGTH_MEASURE_WITH_UNIT ( LENGTH_MEASURE( 0.02539999999999999897 ), #1165 );
#1772 = CARTESIAN_POINT ( 'NONE',  ( 0.0000000000000000000, 0.1181102362204727863, -0.03845205475134411133 ) ) ;
#1773 = DIRECTION ( 'NONE',  ( -1.000000000000000000, 0.0000000000000000000, 0.0000000000000000000 ) ) ;
#1774 = AXIS2_PLACEMENT_3D ( 'NONE', #1420, #1097, #598 ) ;
#1775 = CIRCLE ( 'NONE', #1901, 0.007874015748031908818 ) ;
#1776 = ORIENTED_EDGE ( 'NONE', *, *, #1366, .T. ) ;
#1777 = DIRECTION ( 'NONE',  ( 0.9813591690599837714, 0.1921826769037686955, 0.0000000000000000000 ) ) ;
#1778 = CARTESIAN_POINT ( 'NONE',  ( -0.05436421520129342683, 0.008661417322822806061, -0.03169291338582676948 ) ) ;
#1779 =( BOUNDED_SURFACE ( )  B_SPLINE_SURFACE ( 3, 3, ( 
 ( #192, #57, #802, #186, #1886, #1261, #663 ),
 ( #1103, #513, #1722, #1131, #1431, #642, #1746 ),
 ( #1273, #1873, #1282, #1735, #345, #966, #1588 ),
 ( #979, #701, #1184, #826, #239, #231, #1787 ),
 ( #1642, #83, #872, #1017, #1458, #1614, #684 ),
 ( #1154, #402, #1918, #381, #986, #995, #837 ),
 ( #1175, #1946, #246, #551, #1189, #846, #691 ) ),
 .UNSPECIFIED., .F., .T., .F. ) 
 B_SPLINE_SURFACE_WITH_KNOTS ( ( 4, 3, 4 ),
 ( 4, 3, 4 ),
 ( 0.02126608872882561341, 0.5000000000000000000, 0.9787339112711658240 ),
 ( 0.0000000000000000000, 0.5000000000000000000, 1.000000000000000000 ),
 .UNSPECIFIED. ) 
 GEOMETRIC_REPRESENTATION_ITEM ( )  RATIONAL_B_SPLINE_SURFACE ( (
 ( 0.9743075028729875076, 0.3247691676243291692, 0.3247691676243291692, 0.9743075028729875076, 0.3247691676243291692, 0.3247691676243291692, 0.9743075028729875076),
 ( 0.7900785038902337076, 0.2633595012967445692, 0.2633595012967445692, 0.7900785038902337076, 0.2633595012967445692, 0.2633595012967445692, 0.7900785038902337076),
 ( 0.7986426695992379088, 0.2662142231997459696, 0.2662142231997459696, 0.7986426695992379088, 0.2662142231997459696, 0.2662142231997459696, 0.7986426695992379088),
 ( 1.000000000000000000, 0.3333333333333333148, 0.3333333333333333148, 1.000000000000000000, 0.3333333333333333148, 0.3333333333333333148, 1.000000000000000000),
 ( 0.7986426695992414615, 0.2662142231997471353, 0.2662142231997471353, 0.7986426695992414615, 0.2662142231997471353, 0.2662142231997471353, 0.7986426695992414615),
 ( 0.7900785038902340407, 0.2633595012967446802, 0.2633595012967446802, 0.7900785038902340407, 0.2633595012967446802, 0.2633595012967446802, 0.7900785038902340407),
 ( 0.9743075028729777376, 0.3247691676243258940, 0.3247691676243258940, 0.9743075028729777376, 0.3247691676243258940, 0.3247691676243258940, 0.9743075028729777376) ) ) 
 REPRESENTATION_ITEM ( '' )  SURFACE ( )  );
#1780 = EDGE_CURVE ( 'NONE', #1345, #1318, #353, .T. ) ;
#1781 = CARTESIAN_POINT ( 'NONE',  ( 0.0000000000000000000, 0.09448818897637763226, -0.03149606299212597688 ) ) ;
#1782 = ORIENTED_EDGE ( 'NONE', *, *, #161, .T. ) ;
#1783 = FACE_OUTER_BOUND ( 'NONE', #1215, .T. ) ;
#1784 = CARTESIAN_POINT ( 'NONE',  ( 0.03937007874015276132, 0.05511811023622692485, -0.03346456692913380576 ) ) ;
#1785 = PRODUCT_CONTEXT ( 'NONE', #576, 'mechanical' ) ;
#1786 = FACE_OUTER_BOUND ( 'NONE', #66, .T. ) ;
#1787 = CARTESIAN_POINT ( 'NONE',  ( 0.0000000000000000000, 0.1062992125984253550, -0.04330708661417356775 ) ) ;
#1788 = VERTEX_POINT ( 'NONE', #960 ) ;
#1789 = CARTESIAN_POINT ( 'NONE',  ( 0.0000000000000000000, 0.1181102362204727863, -0.03845205475134411133 ) ) ;
#1790 = ADVANCED_FACE ( 'NONE', ( #1578, #1207 ), #1350, .F. ) ;
#1791 = CARTESIAN_POINT ( 'NONE',  ( 0.004683666059259088479, 0.01771653543307088324, -0.03346456692913386821 ) ) ;
#1792 = ORIENTED_EDGE ( 'NONE', *, *, #911, .F. ) ;
#1793 = DIRECTION ( 'NONE',  ( 0.0000000000000000000, 0.0000000000000000000, -1.000000000000000000 ) ) ;
#1794 = EDGE_CURVE ( 'NONE', #951, #1669, #125, .T. ) ;
#1795 = VERTEX_POINT ( 'NONE', #839 ) ;
#1796 = CARTESIAN_POINT ( 'NONE',  ( 0.0000000000000000000, 0.0000000000000000000, 0.04330708661417362326 ) ) ;
#1797 = DIRECTION ( 'NONE',  ( 1.000000000000000000, -1.410823185726665798E-36, 1.806986753405428954E-17 ) ) ;
#1798 = AXIS2_PLACEMENT_3D ( 'NONE', #1819, #760, #1086 ) ;
#1799 = VERTEX_POINT ( 'NONE', #1471 ) ;
#1800 = CARTESIAN_POINT ( 'NONE',  ( 0.03937007874015747977, 0.03740157480314960925, -0.03346456692913386127 ) ) ;
#1801 = PRESENTATION_LAYER_ASSIGNMENT (  '', '', ( #1033 ) ) ;
#1802 = CARTESIAN_POINT ( 'NONE',  ( -0.04833305445244025916, -0.01299212598424841908, -0.03169291338582677642 ) ) ;
#1803 = FILL_AREA_STYLE_COLOUR ( '', #422 ) ;
#1804 = CIRCLE ( 'NONE', #264, 0.008858267716535434683 ) ;
#1805 = AXIS2_PLACEMENT_3D ( 'NONE', #1316, #1921, #1531 ) ;
#1806 = AXIS2_PLACEMENT_3D ( 'NONE', #1761, #387, #225 ) ;
#1807 = STYLED_ITEM ( 'NONE', ( #1879 ), #870 ) ;
#1808 = CARTESIAN_POINT ( 'NONE',  ( 0.03937007874015277520, -0.01968503937006916421, -0.03346456692913381270 ) ) ;
#1809 = DIRECTION ( 'NONE',  ( 0.0000000000000000000, 0.0000000000000000000, -1.000000000000000000 ) ) ;
#1810 = VECTOR ( 'NONE', #1765, 39.37007874015748143 ) ;
#1811 = EDGE_CURVE ( 'NONE', #1164, #1309, #117, .T. ) ;
#1812 = AXIS2_PLACEMENT_3D ( 'NONE', #290, #1563, #788 ) ;
#1813 = UNCERTAINTY_MEASURE_WITH_UNIT (LENGTH_MEASURE( 1.000000000000000082E-05 ), #1598, 'distance_accuracy_value', 'NONE');
#1814 = VERTEX_POINT ( 'NONE', #85 ) ;
#1815 = LINE ( 'NONE', #1844, #1133 ) ;
#1816 = FACE_OUTER_BOUND ( 'NONE', #1, .T. ) ;
#1817 = FACE_OUTER_BOUND ( 'NONE', #346, .T. ) ;
#1818 = LINE ( 'NONE', #1521, #1655 ) ;
#1819 = CARTESIAN_POINT ( 'NONE',  ( -0.04833305445244093917, -0.008584950350692916593, -0.03148818897637795794 ) ) ;
#1820 = CARTESIAN_POINT ( 'NONE',  ( 0.02164783572194923719, 0.04207141375721135806, -0.03346456692913386821 ) ) ;
#1821 = DIMENSIONAL_EXPONENTS ( 1.000000000000000000, 0.0000000000000000000, 0.0000000000000000000, 0.0000000000000000000, 0.0000000000000000000, 0.0000000000000000000, 0.0000000000000000000 ) ;
#1822 = CARTESIAN_POINT ( 'NONE',  ( -0.05168369905216502191, 0.009973753906608552253, -0.03169291338582677642 ) ) ;
#1823 = EDGE_CURVE ( 'NONE', #820, #414, #857, .T. ) ;
#1824 = ORIENTED_EDGE ( 'NONE', *, *, #29, .F. ) ;
#1825 = LINE ( 'NONE', #756, #1648 ) ;
#1826 =( NAMED_UNIT ( * ) PLANE_ANGLE_UNIT ( ) SI_UNIT ( $, .RADIAN. ) );
#1827 = DIRECTION ( 'NONE',  ( 0.4547769889160057089, 0.8906053505074461585, 0.0000000000000000000 ) ) ;
#1828 = DIRECTION ( 'NONE',  ( 0.0000000000000000000, 1.000000000000000000, 0.0000000000000000000 ) ) ;
#1829 = LINE ( 'NONE', #596, #1895 ) ;
#1830 = CARTESIAN_POINT ( 'NONE',  ( -0.05462882141582679069, -0.004729469948370080418, -0.03149606299212598381 ) ) ;
#1831 = ORIENTED_EDGE ( 'NONE', *, *, #471, .T. ) ;
#1832 = VERTEX_POINT ( 'NONE', #106 ) ;
#1833 = CARTESIAN_POINT ( 'NONE',  ( -0.05214510249397637937, 0.009883395807988188189, -0.03149606299212599075 ) ) ;
#1834 = EDGE_CURVE ( 'NONE', #1516, #270, #77, .T. ) ;
#1835 = CARTESIAN_POINT ( 'NONE',  ( 0.1102362204724409434, 0.0000000000000000000, 0.04330708661417323468 ) ) ;
#1836 = CARTESIAN_POINT ( 'NONE',  ( -0.04833305445244037712, 0.01062992125983965204, -0.03188976377952755514 ) ) ;
#1837 = EDGE_LOOP ( 'NONE', ( #208, #565, #1957, #780 ) ) ;
#1838 = DIRECTION ( 'NONE',  ( -1.000000000000000000, 0.0000000000000000000, 0.0000000000000000000 ) ) ;
#1839 = TOROIDAL_SURFACE ( 'NONE', #932, 0.01771653543308793211, 0.001968503937007816309 ) ;
#1840 = CARTESIAN_POINT ( 'NONE',  ( -0.05838498913162815107, 0.003412072865056271775, -0.03149606299212598381 ) ) ;
#1841 = AXIS2_PLACEMENT_3D ( 'NONE', #1369, #1809, #901 ) ;
#1842 = AXIS2_PLACEMENT_3D ( 'NONE', #1266, #148, #1685 ) ;
#1843 = ORIENTED_EDGE ( 'NONE', *, *, #958, .T. ) ;
#1844 = CARTESIAN_POINT ( 'NONE',  ( -0.03794605478526771186, 0.006692913385826773295, -0.03188976377952756208 ) ) ;
#1845 = DIRECTION ( 'NONE',  ( 0.0000000000000000000, 1.000000000000000000, 0.0000000000000000000 ) ) ;
#1846 = DIRECTION ( 'NONE',  ( -0.9813591334132629740, 0.1921828589296392387, 0.0000000000000000000 ) ) ;
#1847 = ORIENTED_EDGE ( 'NONE', *, *, #1834, .F. ) ;
#1848 = DIRECTION ( 'NONE',  ( 0.0000000000000000000, 0.0000000000000000000, 1.000000000000000000 ) ) ;
#1849 = CARTESIAN_POINT ( 'NONE',  ( 0.03937007874015747977, 0.03740157480314960925, -0.03149606299212598381 ) ) ;
#1850 = DIRECTION ( 'NONE',  ( 1.000000000000000000, 0.0000000000000000000, 0.0000000000000000000 ) ) ;
#1851 = EDGE_LOOP ( 'NONE', ( #58, #432, #1601, #1498 ) ) ;
#1852 = EDGE_LOOP ( 'NONE', ( #71, #1558, #1782, #124, #327 ) ) ;
#1853 = CARTESIAN_POINT ( 'NONE',  ( -0.05738067091614172666, 0.005707805046051181788, -0.03148818897637795794 ) ) ;
#1854 = ORIENTED_EDGE ( 'NONE', *, *, #1482, .F. ) ;
#1855 = CARTESIAN_POINT ( 'NONE',  ( -0.02755905511811024625, 0.006692913385826774163, -0.03169291338582677642 ) ) ;
#1856 = ADVANCED_FACE ( 'NONE', ( #426 ), #174, .T. ) ;
#1857 = CARTESIAN_POINT ( 'NONE',  ( 0.05708661417323459414, -0.03740157480316377847, -0.03346456692913386821 ) ) ;
#1858 = EDGE_CURVE ( 'NONE', #1004, #145, #1815, .T. ) ;
#1859 = DIRECTION ( 'NONE',  ( 0.0000000000000000000, 0.0000000000000000000, 1.000000000000000000 ) ) ;
#1860 = CARTESIAN_POINT ( 'NONE',  ( -0.05402827543027559354, -0.01135256306381496154, -0.03189763779527559490 ) ) ;
#1861 = ORIENTED_EDGE ( 'NONE', *, *, #1916, .T. ) ;
#1862 = LINE ( 'NONE', #1221, #167 ) ;
#1863 = LINE ( 'NONE', #1108, #424 ) ;
#1864 = DIRECTION ( 'NONE',  ( 0.0000000000000000000, -1.000000000000000000, 0.0000000000000000000 ) ) ;
#1865 = PRESENTATION_STYLE_ASSIGNMENT (( #1268 ) ) ;
#1866 = VECTOR ( 'NONE', #814, 39.37007874015748143 ) ;
#1867 = EDGE_CURVE ( 'NONE', #399, #1092, #255, .T. ) ;
#1868 = CIRCLE ( 'NONE', #807, 0.1102362204724409434 ) ;
#1869 = AXIS2_PLACEMENT_3D ( 'NONE', #295, #8, #1182 ) ;
#1870 = CIRCLE ( 'NONE', #74, 0.1181102362204727724 ) ;
#1871 = CIRCLE ( 'NONE', #552, 0.1102362204724409572 ) ;
#1872 = LINE ( 'NONE', #1130, #779 ) ;
#1873 = CARTESIAN_POINT ( 'NONE',  ( -0.1988356254582549221, 0.09941781272912746104, -0.04330708661417365102 ) ) ;
#1874 = ORIENTED_EDGE ( 'NONE', *, *, #661, .T. ) ;
#1875 = LINE ( 'NONE', #1122, #775 ) ;
#1876 = CARTESIAN_POINT ( 'NONE',  ( 0.03937007874015747977, 0.03740157480314960925, -0.03346456692913386127 ) ) ;
#1877 = SURFACE_STYLE_FILL_AREA ( #1081 ) ;
#1878 = VERTEX_POINT ( 'NONE', #1404 ) ;
#1879 = PRESENTATION_STYLE_ASSIGNMENT (( #812 ) ) ;
#1880 =( NAMED_UNIT ( * ) SI_UNIT ( $, .STERADIAN. ) SOLID_ANGLE_UNIT ( ) );
#1881 = ORIENTED_EDGE ( 'NONE', *, *, #1021, .T. ) ;
#1882 = DIRECTION ( 'NONE',  ( 0.8981380447712224990, 0.4397136028536362540, 0.0000000000000000000 ) ) ;
#1883 = DIRECTION ( 'NONE',  ( -0.2001233627146838390, 0.9797707077147015386, 0.0000000000000000000 ) ) ;
#1884 = FACE_OUTER_BOUND ( 'NONE', #1615, .T. ) ;
#1885 = CARTESIAN_POINT ( 'NONE',  ( 0.02165354330708528161, 0.03740157480314960231, -0.03149606299212596994 ) ) ;
#1886 = CARTESIAN_POINT ( 'NONE',  ( 0.1889763779527552923, -0.09448818897637764613, -0.03149606299212597688 ) ) ;
#1887 = ORIENTED_EDGE ( 'NONE', *, *, #369, .F. ) ;
#1888 = DIRECTION ( 'NONE',  ( -0.2473831898960778541, -0.9689177247614170208, 0.0000000000000000000 ) ) ;
#1889 = EDGE_CURVE ( 'NONE', #162, #925, #2, .T. ) ;
#1890 = FACE_OUTER_BOUND ( 'NONE', #1575, .T. ) ;
#1891 = SURFACE_SIDE_STYLE ('',( #962 ) ) ;
#1892 = ORIENTED_EDGE ( 'NONE', *, *, #218, .F. ) ;
#1893 = CARTESIAN_POINT ( 'NONE',  ( -0.05503434412122047009, 0.0001312332829445649355, -0.03149606299212598381 ) ) ;
#1894 = ORIENTED_EDGE ( 'NONE', *, *, #798, .F. ) ;
#1895 = VECTOR ( 'NONE', #38, 39.37007874015748854 ) ;
#1896 = COLOUR_RGB ( '',0.03921568627450980338, 0.05098039215686274439, 0.05098039215686274439 ) ;
#1897 = AXIS2_PLACEMENT_3D ( 'NONE', #1146, #499, #338 ) ;
#1898 = VECTOR ( 'NONE', #1264, 39.37007874015748143 ) ;
#1899 = VECTOR ( 'NONE', #1568, 39.37007874015748854 ) ;
#1900 = STYLED_ITEM ( 'NONE', ( #1657 ), #948 ) ;
#1901 = AXIS2_PLACEMENT_3D ( 'NONE', #385, #1319, #1118 ) ;
#1902 = VERTEX_POINT ( 'NONE', #476 ) ;
#1903 = DIRECTION ( 'NONE',  ( 0.0000000000000000000, 0.0000000000000000000, -1.000000000000000000 ) ) ;
#1904 = AXIS2_PLACEMENT_3D ( 'NONE', #1053, #1948, #582 ) ;
#1905 = SURFACE_STYLE_FILL_AREA ( #1603 ) ;
#1906 = EDGE_CURVE ( 'NONE', #616, #1023, #1539, .T. ) ;
#1907 = DIRECTION ( 'NONE',  ( 0.8906053505074462695, -0.4547769889160057644, 0.0000000000000000000 ) ) ;
#1908 = LENGTH_MEASURE_WITH_UNIT ( LENGTH_MEASURE( 0.02539999999999999897 ), #1308 );
#1909 = ORIENTED_EDGE ( 'NONE', *, *, #1916, .F. ) ;
#1910 = CARTESIAN_POINT ( 'NONE',  ( -0.04787165102736219702, -0.01308248416845669317, -0.03189763779527559490 ) ) ;
#1911 = CARTESIAN_POINT ( 'NONE',  ( 0.0000000000000000000, 0.09448818897637761838, -0.03845205475134422235 ) ) ;
#1912 = SURFACE_SIDE_STYLE ('',( #1312 ) ) ;
#1913 = CARTESIAN_POINT ( 'NONE',  ( -0.05905511811023258367, 0.0001312332829145319932, -0.03188976377952756208 ) ) ;
#1914 = ORIENTED_EDGE ( 'NONE', *, *, #434, .T. ) ;
#1915 = LENGTH_MEASURE_WITH_UNIT ( LENGTH_MEASURE( 0.02539999999999999897 ), #1469 );
#1916 = EDGE_CURVE ( 'NONE', #1345, #1092, #1447, .T. ) ;
#1917 = EDGE_CURVE ( 'NONE', #1309, #616, #1825, .T. ) ;
#1918 = CARTESIAN_POINT ( 'NONE',  ( -0.2362204724409455725, -0.1181102362204727863, -0.03845205475134409745 ) ) ;
#1919 = ORIENTED_EDGE ( 'NONE', *, *, #1858, .T. ) ;
#1920 = PRESENTATION_STYLE_ASSIGNMENT (( #693 ) ) ;
#1921 = DIRECTION ( 'NONE',  ( 0.0000000000000000000, 0.0000000000000000000, -1.000000000000000000 ) ) ;
#1922 = CARTESIAN_POINT ( 'NONE',  ( -0.05838498913162343956, -0.005774278058781417110, -0.03169291338582677642 ) ) ;
#1923 = CARTESIAN_POINT ( 'NONE',  ( 0.03937007874015277520, -0.01968503937006916421, -0.03346456692913381270 ) ) ;
#1924 = DIRECTION ( 'NONE',  ( 0.0000000000000000000, 1.000000000000000000, 0.0000000000000000000 ) ) ;
#1925 = EDGE_CURVE ( 'NONE', #1503, #527, #1228, .T. ) ;
#1926 =( GEOMETRIC_REPRESENTATION_CONTEXT ( 3 ) GLOBAL_UNCERTAINTY_ASSIGNED_CONTEXT ( ( #1003 ) ) GLOBAL_UNIT_ASSIGNED_CONTEXT ( ( #970, #195, #823 ) ) REPRESENTATION_CONTEXT ( 'NONE', 'WORKASPACE' ) );
#1927 = CYLINDRICAL_SURFACE ( 'NONE', #743, 0.1181102362204724532 ) ;
#1928 = ORIENTED_EDGE ( 'NONE', *, *, #1153, .F. ) ;
#1929 =( GEOMETRIC_REPRESENTATION_CONTEXT ( 3 ) GLOBAL_UNCERTAINTY_ASSIGNED_CONTEXT ( ( #640 ) ) GLOBAL_UNIT_ASSIGNED_CONTEXT ( ( #1513, #589, #1656 ) ) REPRESENTATION_CONTEXT ( 'NONE', 'WORKASPACE' ) );
#1930 = CIRCLE ( 'NONE', #1805, 0.01968503937008002705 ) ;
#1931 = CARTESIAN_POINT ( 'NONE',  ( 0.0000000000000000000, -0.09941781272912744716, -0.04330708661417364408 ) ) ;
#1932 = COLOUR_RGB ( '',0.7568627450980391913, 0.7137254901960784492, 0.1960784313725490169 ) ;
#1933 = ORIENTED_EDGE ( 'NONE', *, *, #1366, .F. ) ;
#1934 = VECTOR ( 'NONE', #490, 39.37007874015748143 ) ;
#1935 = CARTESIAN_POINT ( 'NONE',  ( -0.05905511811023178570, -0.002493438007323897296, -0.03188976377952756902 ) ) ;
#1936 = CARTESIAN_POINT ( 'NONE',  ( 0.03465639868257113648, 0.05511811023622047861, -0.03346456692913386821 ) ) ;
#1937 = CARTESIAN_POINT ( 'NONE',  ( 0.0000000000000000000, 0.0000000000000000000, 0.03543307086614171791 ) ) ;
#1938 = EDGE_CURVE ( 'NONE', #922, #1474, #1070, .T. ) ;
#1939 = FACE_OUTER_BOUND ( 'NONE', #367, .T. ) ;
#1940 = EDGE_CURVE ( 'NONE', #1288, #925, #1481, .T. ) ;
#1941 = DIRECTION ( 'NONE',  ( 1.000000000000000000, 0.0000000000000000000, 0.0000000000000000000 ) ) ;
#1942 = ORIENTED_EDGE ( 'NONE', *, *, #931, .F. ) ;
#1943 = ORIENTED_EDGE ( 'NONE', *, *, #569, .T. ) ;
#1944 = APPLICATION_PROTOCOL_DEFINITION ( 'draft international standard', 'automotive_design', 1998, #1951 ) ;
#1945 = CARTESIAN_POINT ( 'NONE',  ( 0.01968503937006173612, -0.03740157480314961619, -0.03149606299212598381 ) ) ;
#1946 = CARTESIAN_POINT ( 'NONE',  ( -0.2362204724409455170, 0.1181102362204727585, -0.03149606299212599075 ) ) ;
#1947 = ORIENTED_EDGE ( 'NONE', *, *, #1021, .F. ) ;
#1948 = DIRECTION ( 'NONE',  ( 0.0000000000000000000, -0.0000000000000000000, 1.000000000000000000 ) ) ;
#1949 = DIRECTION ( 'NONE',  ( -0.0000000000000000000, -0.0000000000000000000, -1.000000000000000000 ) ) ;
#1950 = DIRECTION ( 'NONE',  ( -0.5627910658964720980, -0.8265991871197991836, 0.0000000000000000000 ) ) ;
#1951 = APPLICATION_CONTEXT ( 'automotive_design' ) ;
#1952 = EDGE_CURVE ( 'NONE', #1643, #302, #545, .T. ) ;
#1953 = ORIENTED_EDGE ( 'NONE', *, *, #1717, .T. ) ;
#1954 = DIRECTION ( 'NONE',  ( 0.0000000000000000000, 0.0000000000000000000, -1.000000000000000000 ) ) ;
#1955 = PLANE ( 'NONE',  #1622 ) ;
#1956 = LINE ( 'NONE', #1204, #134 ) ;
#1957 = ORIENTED_EDGE ( 'NONE', *, *, #825, .T. ) ;
#1958 = PRESENTATION_STYLE_ASSIGNMENT (( #403 ) ) ;
#1959 = AXIS2_PLACEMENT_3D ( 'NONE', #51, #658, #1883 ) ;
#1960 = CARTESIAN_POINT ( 'NONE',  ( -0.05302395689205175594, -0.007086614173235255762, -0.03169291338582677642 ) ) ;
#1961 = CARTESIAN_POINT ( 'NONE',  ( -0.05478649075354331127, 0.008454678163338584171, -0.03149606299212598381 ) ) ;
#1962 = VECTOR ( 'NONE', #1452, 39.37007874015748143 ) ;
#1963 =( GEOMETRIC_REPRESENTATION_CONTEXT ( 3 ) GLOBAL_UNCERTAINTY_ASSIGNED_CONTEXT ( ( #98 ) ) GLOBAL_UNIT_ASSIGNED_CONTEXT ( ( #1972, #1826, #1547 ) ) REPRESENTATION_CONTEXT ( 'NONE', 'WORKASPACE' ) );
#1964 = EDGE_CURVE ( 'NONE', #1902, #1878, #854, .T. ) ;
#1965 = STYLED_ITEM ( 'NONE', ( #306 ), #977 ) ;
#1966 = CARTESIAN_POINT ( 'NONE',  ( 0.03014063531788405484, -0.02156798179432860979, -0.03346456692913387515 ) ) ;
#1967 = PRODUCT ( 'CUI_DEVICES_CMC-6022-42P', 'CUI_DEVICES_CMC-6022-42P', '', ( #1785 ) ) ;
#1968 = DIRECTION ( 'NONE',  ( -0.2377711385303309666, 0.9713212062350899956, 0.0000000000000000000 ) ) ;
#1969 =( CONVERSION_BASED_UNIT ( 'INCH', #1676 ) LENGTH_UNIT ( ) NAMED_UNIT ( #123 ) );
#1970 = UNCERTAINTY_MEASURE_WITH_UNIT (LENGTH_MEASURE( 1.000000000000000082E-05 ), #7, 'distance_accuracy_value', 'NONE');
#1971 = ORIENTED_EDGE ( 'NONE', *, *, #1717, .F. ) ;
#1972 =( CONVERSION_BASED_UNIT ( 'INCH', #1378 ) LENGTH_UNIT ( ) NAMED_UNIT ( #1372 ) );
#1973 = CARTESIAN_POINT ( 'NONE',  ( 0.03937007874015747977, -0.03740157480314961619, -0.03149606299212596300 ) ) ;
#1974 = ORIENTED_EDGE ( 'NONE', *, *, #1440, .T. ) ;
#1975 = CYLINDRICAL_SURFACE ( 'NONE', #1812, 0.008858267716535434683 ) ;
#1976 = CARTESIAN_POINT ( 'NONE',  ( 0.03937007874627541926, -0.05511811023623006123, -0.03346456692913381270 ) ) ;
#1977 = CARTESIAN_POINT ( 'NONE',  ( -0.05704473111572755384, 0.006036746032614098006, -0.03149606299212598381 ) ) ;
#1978 = FILL_AREA_STYLE ('',( #1537 ) ) ;
#1979 = DIRECTION ( 'NONE',  ( -1.000000000000000000, 0.0000000000000000000, 0.0000000000000000000 ) ) ;
#1980 = ADVANCED_FACE ( 'NONE', ( #652, #1726, #102, #328, #1161 ), #1119, .F. ) ;
#1981 = ORIENTED_EDGE ( 'NONE', *, *, #405, .F. ) ;
ENDSEC;
END-ISO-10303-21;
